_id,Annual Income Private (min.) /Revenu privé annuel (min.),Annual Income Private (max.) /Revenu privé annuel (max.),GAINS / RRAG,Total OAS/GIS /SV/SRG total,OAS / SV,GIS / SRG,Total Monthly Income (min.) /Revenu mensuel total (min.),Total Monthly Income (max.) /Revenu mensuel total (max.),Monthly Income Private (min.) /Revenu privé mensuel (min.),Monthly Income Private (max.) /Revenu privé mensuel (max.)
1,0,23.99,87,1814.55,727.67,1086.88,1901.55,1903.54,0,1.99
2,24,47.99,86.5,1813.55,727.67,1085.88,1902.05,1904.04,2,3.99
3,48,71.99,86,1812.55,727.67,1084.88,1902.55,1904.54,4,5.99
4,72,95.99,85.5,1811.55,727.67,1083.88,1903.05,1905.04,6,7.99
5,96,119.99,85,1810.55,727.67,1082.88,1903.55,1905.54,8,9.99
6,120,143.99,84.5,1809.55,727.67,1081.88,1904.05,1906.04,10,11.99
7,144,167.99,84,1808.55,727.67,1080.88,1904.55,1906.54,12,13.99
8,168,191.99,83.5,1807.55,727.67,1079.88,1905.05,1907.04,14,15.99
9,192,215.99,83,1806.55,727.67,1078.88,1905.55,1907.54,16,17.99
10,216,239.99,82.5,1805.55,727.67,1077.88,1906.05,1908.04,18,19.99
11,240,263.99,82,1804.55,727.67,1076.88,1906.55,1908.54,20,21.99
12,264,287.99,81.5,1803.55,727.67,1075.88,1907.05,1909.04,22,23.99
13,288,311.99,81,1802.55,727.67,1074.88,1907.55,1909.54,24,25.99
14,312,335.99,80.5,1801.55,727.67,1073.88,1908.05,1910.04,26,27.99
15,336,359.99,80,1800.55,727.67,1072.88,1908.55,1910.54,28,29.99
16,360,383.99,79.5,1799.55,727.67,1071.88,1909.05,1911.04,30,31.99
17,384,407.99,79,1798.55,727.67,1070.88,1909.55,1911.54,32,33.99
18,408,431.99,78.5,1797.55,727.67,1069.88,1910.05,1912.04,34,35.99
19,432,455.99,78,1796.55,727.67,1068.88,1910.55,1912.54,36,37.99
20,456,479.99,77.5,1795.55,727.67,1067.88,1911.05,1913.04,38,39.99
21,480,503.99,77,1794.55,727.67,1066.88,1911.55,1913.54,40,41.99
22,504,527.99,76.5,1793.55,727.67,1065.88,1912.05,1914.04,42,43.99
23,528,551.99,76,1792.55,727.67,1064.88,1912.55,1914.54,44,45.99
24,552,575.99,75.5,1791.55,727.67,1063.88,1913.05,1915.04,46,47.99
25,576,599.99,75,1790.55,727.67,1062.88,1913.55,1915.54,48,49.99
26,600,623.99,74.5,1789.55,727.67,1061.88,1914.05,1916.04,50,51.99
27,624,647.99,74,1788.55,727.67,1060.88,1914.55,1916.54,52,53.99
28,648,671.99,73.5,1787.55,727.67,1059.88,1915.05,1917.04,54,55.99
29,672,695.99,73,1786.55,727.67,1058.88,1915.55,1917.54,56,57.99
30,696,719.99,72.5,1785.55,727.67,1057.88,1916.05,1918.04,58,59.99
31,720,743.99,72,1784.55,727.67,1056.88,1916.55,1918.54,60,61.99
32,744,767.99,71.5,1783.55,727.67,1055.88,1917.05,1919.04,62,63.99
33,768,791.99,71,1782.55,727.67,1054.88,1917.55,1919.54,64,65.99
34,792,815.99,70.5,1781.55,727.67,1053.88,1918.05,1920.04,66,67.99
35,816,839.99,70,1780.55,727.67,1052.88,1918.55,1920.54,68,69.99
36,840,863.99,69.5,1779.55,727.67,1051.88,1919.05,1921.04,70,71.99
37,864,887.99,69,1778.55,727.67,1050.88,1919.55,1921.54,72,73.99
38,888,911.99,68.5,1777.55,727.67,1049.88,1920.05,1922.04,74,75.99
39,912,935.99,68,1776.55,727.67,1048.88,1920.55,1922.54,76,77.99
40,936,959.99,67.5,1775.55,727.67,1047.88,1921.05,1923.04,78,79.99
41,960,983.99,67,1774.55,727.67,1046.88,1921.55,1923.54,80,81.99
42,984,1007.99,66.5,1773.55,727.67,1045.88,1922.05,1924.04,82,83.99
43,1008,1031.99,66,1772.55,727.67,1044.88,1922.55,1924.54,84,85.99
44,1032,1055.99,65.5,1771.55,727.67,1043.88,1923.05,1925.04,86,87.99
45,1056,1079.99,65,1770.55,727.67,1042.88,1923.55,1925.54,88,89.99
46,1080,1103.99,64.5,1769.55,727.67,1041.88,1924.05,1926.04,90,91.99
47,1104,1127.99,64,1768.55,727.67,1040.88,1924.55,1926.54,92,93.99
48,1128,1151.99,63.5,1767.55,727.67,1039.88,1925.05,1927.04,94,95.99
49,1152,1175.99,63,1766.55,727.67,1038.88,1925.55,1927.54,96,97.99
50,1176,1199.99,62.5,1765.55,727.67,1037.88,1926.05,1928.04,98,99.99
51,1200,1223.99,62,1764.55,727.67,1036.88,1926.55,1928.54,100,101.99
52,1224,1247.99,61.5,1763.55,727.67,1035.88,1927.05,1929.04,102,103.99
53,1248,1271.99,61,1762.55,727.67,1034.88,1927.55,1929.54,104,105.99
54,1272,1295.99,60.5,1761.55,727.67,1033.88,1928.05,1930.04,106,107.99
55,1296,1319.99,60,1760.55,727.67,1032.88,1928.55,1930.54,108,109.99
56,1320,1343.99,59.5,1759.55,727.67,1031.88,1929.05,1931.04,110,111.99
57,1344,1367.99,59,1758.55,727.67,1030.88,1929.55,1931.54,112,113.99
58,1368,1391.99,58.5,1757.55,727.67,1029.88,1930.05,1932.04,114,115.99
59,1392,1415.99,58,1756.55,727.67,1028.88,1930.55,1932.54,116,117.99
60,1416,1439.99,57.5,1755.55,727.67,1027.88,1931.05,1933.04,118,119.99
61,1440,1463.99,57,1754.55,727.67,1026.88,1931.55,1933.54,120,121.99
62,1464,1487.99,56.5,1753.55,727.67,1025.88,1932.05,1934.04,122,123.99
63,1488,1511.99,56,1752.55,727.67,1024.88,1932.55,1934.54,124,125.99
64,1512,1535.99,55.5,1751.55,727.67,1023.88,1933.05,1935.04,126,127.99
65,1536,1559.99,55,1750.55,727.67,1022.88,1933.55,1935.54,128,129.99
66,1560,1583.99,54.5,1749.55,727.67,1021.88,1934.05,1936.04,130,131.99
67,1584,1607.99,54,1748.55,727.67,1020.88,1934.55,1936.54,132,133.99
68,1608,1631.99,53.5,1747.55,727.67,1019.88,1935.05,1937.04,134,135.99
69,1632,1655.99,53,1746.55,727.67,1018.88,1935.55,1937.54,136,137.99
70,1656,1679.99,52.5,1745.55,727.67,1017.88,1936.05,1938.04,138,139.99
71,1680,1703.99,52,1744.55,727.67,1016.88,1936.55,1938.54,140,141.99
72,1704,1727.99,51.5,1743.55,727.67,1015.88,1937.05,1939.04,142,143.99
73,1728,1751.99,51,1742.55,727.67,1014.88,1937.55,1939.54,144,145.99
74,1752,1775.99,50.5,1741.55,727.67,1013.88,1938.05,1940.04,146,147.99
75,1776,1799.99,50,1740.55,727.67,1012.88,1938.55,1940.54,148,149.99
76,1800,1823.99,49.5,1739.55,727.67,1011.88,1939.05,1941.04,150,151.99
77,1824,1847.99,49,1738.55,727.67,1010.88,1939.55,1941.54,152,153.99
78,1848,1871.99,48.5,1737.55,727.67,1009.88,1940.05,1942.04,154,155.99
79,1872,1895.99,48,1736.55,727.67,1008.88,1940.55,1942.54,156,157.99
80,1896,1919.99,47.5,1735.55,727.67,1007.88,1941.05,1943.04,158,159.99
81,1920,1943.99,47,1734.55,727.67,1006.88,1941.55,1943.54,160,161.99
82,1944,1967.99,46.5,1733.55,727.67,1005.88,1942.05,1944.04,162,163.99
83,1968,1991.99,46,1732.55,727.67,1004.88,1942.55,1944.54,164,165.99
84,1992,2015.99,45.5,1731.55,727.67,1003.88,1943.05,1945.04,166,167.99
85,2016,2039.99,45,1730.55,727.67,1002.88,1943.55,1945.54,168,169.99
86,2040,2047.99,44.5,1729.55,727.67,1001.88,1944.05,1944.71,170,170.66
87,2048,2063.99,44.5,1728.55,727.67,1000.88,1943.72,1945.04,170.67,171.99
88,2064,2087.99,44,1727.55,727.67,999.88,1943.55,1945.54,172,173.99
89,2088,2095.99,43.5,1726.55,727.67,998.88,1944.05,1944.71,174,174.66
90,2096,2111.99,43.5,1725.55,727.67,997.88,1943.72,1945.04,174.67,175.99
91,2112,2135.99,43,1724.55,727.67,996.88,1943.55,1945.54,176,177.99
92,2136,2143.99,42.5,1723.55,727.67,995.88,1944.05,1944.71,178,178.66
93,2144,2159.99,42.5,1722.55,727.67,994.88,1943.72,1945.04,178.67,179.99
94,2160,2183.99,42,1721.55,727.67,993.88,1943.55,1945.54,180,181.99
95,2184,2191.99,41.5,1720.55,727.67,992.88,1944.05,1944.71,182,182.66
96,2192,2207.99,41.5,1719.55,727.67,991.88,1943.72,1945.04,182.67,183.99
97,2208,2231.99,41,1718.55,727.67,990.88,1943.55,1945.54,184,185.99
98,2232,2239.99,40.5,1717.55,727.67,989.88,1944.05,1944.71,186,186.66
99,2240,2255.99,40.5,1716.55,727.67,988.88,1943.72,1945.04,186.67,187.99
100,2256,2279.99,40,1715.55,727.67,987.88,1943.55,1945.54,188,189.99
101,2280,2287.99,39.5,1714.55,727.67,986.88,1944.05,1944.71,190,190.66
102,2288,2303.99,39.5,1713.55,727.67,985.88,1943.72,1945.04,190.67,191.99
103,2304,2327.99,39,1712.55,727.67,984.88,1943.55,1945.54,192,193.99
104,2328,2335.99,38.5,1711.55,727.67,983.88,1944.05,1944.71,194,194.66
105,2336,2351.99,38.5,1710.55,727.67,982.88,1943.72,1945.04,194.67,195.99
106,2352,2375.99,38,1709.55,727.67,981.88,1943.55,1945.54,196,197.99
107,2376,2383.99,37.5,1708.55,727.67,980.88,1944.05,1944.71,198,198.66
108,2384,2399.99,37.5,1707.55,727.67,979.88,1943.72,1945.04,198.67,199.99
109,2400,2423.99,37,1706.55,727.67,978.88,1943.55,1945.54,200,201.99
110,2424,2431.99,36.5,1705.55,727.67,977.88,1944.05,1944.71,202,202.66
111,2432,2447.99,36.5,1704.55,727.67,976.88,1943.72,1945.04,202.67,203.99
112,2448,2471.99,36,1703.55,727.67,975.88,1943.55,1945.54,204,205.99
113,2472,2479.99,35.5,1702.55,727.67,974.88,1944.05,1944.71,206,206.66
114,2480,2495.99,35.5,1701.55,727.67,973.88,1943.72,1945.04,206.67,207.99
115,2496,2519.99,35,1700.55,727.67,972.88,1943.55,1945.54,208,209.99
116,2520,2527.99,34.5,1699.55,727.67,971.88,1944.05,1944.71,210,210.66
117,2528,2543.99,34.5,1698.55,727.67,970.88,1943.72,1945.04,210.67,211.99
118,2544,2567.99,34,1697.55,727.67,969.88,1943.55,1945.54,212,213.99
119,2568,2575.99,33.5,1696.55,727.67,968.88,1944.05,1944.71,214,214.66
120,2576,2591.99,33.5,1695.55,727.67,967.88,1943.72,1945.04,214.67,215.99
121,2592,2615.99,33,1694.55,727.67,966.88,1943.55,1945.54,216,217.99
122,2616,2623.99,32.5,1693.55,727.67,965.88,1944.05,1944.71,218,218.66
123,2624,2639.99,32.5,1692.55,727.67,964.88,1943.72,1945.04,218.67,219.99
124,2640,2663.99,32,1691.55,727.67,963.88,1943.55,1945.54,220,221.99
125,2664,2671.99,31.5,1690.55,727.67,962.88,1944.05,1944.71,222,222.66
126,2672,2687.99,31.5,1689.55,727.67,961.88,1943.72,1945.04,222.67,223.99
127,2688,2711.99,31,1688.55,727.67,960.88,1943.55,1945.54,224,225.99
128,2712,2719.99,30.5,1687.55,727.67,959.88,1944.05,1944.71,226,226.66
129,2720,2735.99,30.5,1686.55,727.67,958.88,1943.72,1945.04,226.67,227.99
130,2736,2759.99,30,1685.55,727.67,957.88,1943.55,1945.54,228,229.99
131,2760,2767.99,29.5,1684.55,727.67,956.88,1944.05,1944.71,230,230.66
132,2768,2783.99,29.5,1683.55,727.67,955.88,1943.72,1945.04,230.67,231.99
133,2784,2807.99,29,1682.55,727.67,954.88,1943.55,1945.54,232,233.99
134,2808,2815.99,28.5,1681.55,727.67,953.88,1944.05,1944.71,234,234.66
135,2816,2831.99,28.5,1680.55,727.67,952.88,1943.72,1945.04,234.67,235.99
136,2832,2855.99,28,1679.55,727.67,951.88,1943.55,1945.54,236,237.99
137,2856,2863.99,27.5,1678.55,727.67,950.88,1944.05,1944.71,238,238.66
138,2864,2879.99,27.5,1677.55,727.67,949.88,1943.72,1945.04,238.67,239.99
139,2880,2903.99,27,1676.55,727.67,948.88,1943.55,1945.54,240,241.99
140,2904,2911.99,26.5,1675.55,727.67,947.88,1944.05,1944.71,242,242.66
141,2912,2927.99,26.5,1674.55,727.67,946.88,1943.72,1945.04,242.67,243.99
142,2928,2951.99,26,1673.55,727.67,945.88,1943.55,1945.54,244,245.99
143,2952,2959.99,25.5,1672.55,727.67,944.88,1944.05,1944.71,246,246.66
144,2960,2975.99,25.5,1671.55,727.67,943.88,1943.72,1945.04,246.67,247.99
145,2976,2999.99,25,1670.55,727.67,942.88,1943.55,1945.54,248,249.99
146,3000,3007.99,24.5,1669.55,727.67,941.88,1944.05,1944.71,250,250.66
147,3008,3023.99,24.5,1668.55,727.67,940.88,1943.72,1945.04,250.67,251.99
148,3024,3047.99,24,1667.55,727.67,939.88,1943.55,1945.54,252,253.99
149,3048,3055.99,23.5,1666.55,727.67,938.88,1944.05,1944.71,254,254.66
150,3056,3071.99,23.5,1665.55,727.67,937.88,1943.72,1945.04,254.67,255.99
151,3072,3095.99,23,1664.55,727.67,936.88,1943.55,1945.54,256,257.99
152,3096,3103.99,22.5,1663.55,727.67,935.88,1944.05,1944.71,258,258.66
153,3104,3119.99,22.5,1662.55,727.67,934.88,1943.72,1945.04,258.67,259.99
154,3120,3143.99,22,1661.55,727.67,933.88,1943.55,1945.54,260,261.99
155,3144,3151.99,21.5,1660.55,727.67,932.88,1944.05,1944.71,262,262.66
156,3152,3167.99,21.5,1659.55,727.67,931.88,1943.72,1945.04,262.67,263.99
157,3168,3191.99,21,1658.55,727.67,930.88,1943.55,1945.54,264,265.99
158,3192,3199.99,20.5,1657.55,727.67,929.88,1944.05,1944.71,266,266.66
159,3200,3215.99,20.5,1656.55,727.67,928.88,1943.72,1945.04,266.67,267.99
160,3216,3239.99,20,1655.55,727.67,927.88,1943.55,1945.54,268,269.99
161,3240,3247.99,19.5,1654.55,727.67,926.88,1944.05,1944.71,270,270.66
162,3248,3263.99,19.5,1653.55,727.67,925.88,1943.72,1945.04,270.67,271.99
163,3264,3287.99,19,1652.55,727.67,924.88,1943.55,1945.54,272,273.99
164,3288,3295.99,18.5,1651.55,727.67,923.88,1944.05,1944.71,274,274.66
165,3296,3311.99,18.5,1650.55,727.67,922.88,1943.72,1945.04,274.67,275.99
166,3312,3335.99,18,1649.55,727.67,921.88,1943.55,1945.54,276,277.99
167,3336,3343.99,17.5,1648.55,727.67,920.88,1944.05,1944.71,278,278.66
168,3344,3359.99,17.5,1647.55,727.67,919.88,1943.72,1945.04,278.67,279.99
169,3360,3383.99,17,1646.55,727.67,918.88,1943.55,1945.54,280,281.99
170,3384,3391.99,16.5,1645.55,727.67,917.88,1944.05,1944.71,282,282.66
171,3392,3407.99,16.5,1644.55,727.67,916.88,1943.72,1945.04,282.67,283.99
172,3408,3431.99,16,1643.55,727.67,915.88,1943.55,1945.54,284,285.99
173,3432,3439.99,15.5,1642.55,727.67,914.88,1944.05,1944.71,286,286.66
174,3440,3455.99,15.5,1641.55,727.67,913.88,1943.72,1945.04,286.67,287.99
175,3456,3479.99,15,1640.55,727.67,912.88,1943.55,1945.54,288,289.99
176,3480,3487.99,14.5,1639.55,727.67,911.88,1944.05,1944.71,290,290.66
177,3488,3503.99,14.5,1638.55,727.67,910.88,1943.72,1945.04,290.67,291.99
178,3504,3527.99,14,1637.55,727.67,909.88,1943.55,1945.54,292,293.99
179,3528,3535.99,13.5,1636.55,727.67,908.88,1944.05,1944.71,294,294.66
180,3536,3551.99,13.5,1635.55,727.67,907.88,1943.72,1945.04,294.67,295.99
181,3552,3575.99,13,1634.55,727.67,906.88,1943.55,1945.54,296,297.99
182,3576,3583.99,12.5,1633.55,727.67,905.88,1944.05,1944.71,298,298.66
183,3584,3599.99,12.5,1632.55,727.67,904.88,1943.72,1945.04,298.67,299.99
184,3600,3623.99,12,1631.55,727.67,903.88,1943.55,1945.54,300,301.99
185,3624,3631.99,11.5,1630.55,727.67,902.88,1944.05,1944.71,302,302.66
186,3632,3647.99,11.5,1629.55,727.67,901.88,1943.72,1945.04,302.67,303.99
187,3648,3671.99,11,1628.55,727.67,900.88,1943.55,1945.54,304,305.99
188,3672,3679.99,10.5,1627.55,727.67,899.88,1944.05,1944.71,306,306.66
189,3680,3695.99,10.5,1626.55,727.67,898.88,1943.72,1945.04,306.67,307.99
190,3696,3719.99,10,1625.55,727.67,897.88,1943.55,1945.54,308,309.99
191,3720,3727.99,9.5,1624.55,727.67,896.88,1944.05,1944.71,310,310.66
192,3728,3743.99,9.5,1623.55,727.67,895.88,1943.72,1945.04,310.67,311.99
193,3744,3767.99,9,1622.55,727.67,894.88,1943.55,1945.54,312,313.99
194,3768,3775.99,8.5,1621.55,727.67,893.88,1944.05,1944.71,314,314.66
195,3776,3791.99,8.5,1620.55,727.67,892.88,1943.72,1945.04,314.67,315.99
196,3792,3815.99,8,1619.55,727.67,891.88,1943.55,1945.54,316,317.99
197,3816,3823.99,7.5,1618.55,727.67,890.88,1944.05,1944.71,318,318.66
198,3824,3839.99,7.5,1617.55,727.67,889.88,1943.72,1945.04,318.67,319.99
199,3840,3863.99,7,1616.55,727.67,888.88,1943.55,1945.54,320,321.99
200,3864,3871.99,6.5,1615.55,727.67,887.88,1944.05,1944.71,322,322.66
201,3872,3887.99,6.5,1614.55,727.67,886.88,1943.72,1945.04,322.67,323.99
202,3888,3911.99,6,1613.55,727.67,885.88,1943.55,1945.54,324,325.99
203,3912,3919.99,5.5,1612.55,727.67,884.88,1944.05,1944.71,326,326.66
204,3920,3935.99,5.5,1611.55,727.67,883.88,1943.72,1945.04,326.67,327.99
205,3936,3959.99,5,1610.55,727.67,882.88,1943.55,1945.54,328,329.99
206,3960,3967.99,4.5,1609.55,727.67,881.88,1944.05,1944.71,330,330.66
207,3968,3983.99,4.5,1608.55,727.67,880.88,1943.72,1945.04,330.67,331.99
208,3984,4007.99,4,1607.55,727.67,879.88,1943.55,1945.54,332,333.99
209,4008,4015.99,3.5,1606.55,727.67,878.88,1944.05,1944.71,334,334.66
210,4016,4031.99,3.5,1605.55,727.67,877.88,1943.72,1945.04,334.67,335.99
211,4032,4055.99,3,1604.55,727.67,876.88,1943.55,1945.54,336,337.99
212,4056,4063.99,2.5,1603.55,727.67,875.88,1944.05,1944.71,338,338.66
213,4064,4079.99,2.5,1602.55,727.67,874.88,1943.72,1945.04,338.67,339.99
214,4080,4103.99,2,1601.55,727.67,873.88,1943.55,1945.54,340,341.99
215,4104,4111.99,1.5,1600.55,727.67,872.88,1944.05,1944.71,342,342.66
216,4112,4127.99,1.5,1599.55,727.67,871.88,1943.72,1945.04,342.67,343.99
217,4128,4151.99,1,1598.55,727.67,870.88,1943.55,1945.54,344,345.99
218,4152,4159.99,0.5,1597.55,727.67,869.88,1944.05,1944.71,346,346.66
219,4160,4175.99,0.5,1596.55,727.67,868.88,1943.72,1945.04,346.67,347.99
220,4176,4199.99,0,1595.55,727.67,867.88,1943.55,1945.54,348,349.99
221,4200,4207.99,0,1594.55,727.67,866.88,1944.55,1945.21,350,350.66
222,4208,4223.99,0,1593.55,727.67,865.88,1944.22,1945.54,350.67,351.99
223,4224,4247.99,0,1592.55,727.67,864.88,1944.55,1946.54,352,353.99
224,4248,4255.99,0,1591.55,727.67,863.88,1945.55,1946.21,354,354.66
225,4256,4271.99,0,1590.55,727.67,862.88,1945.22,1946.54,354.67,355.99
226,4272,4295.99,0,1589.55,727.67,861.88,1945.55,1947.54,356,357.99
227,4296,4303.99,0,1588.55,727.67,860.88,1946.55,1947.21,358,358.66
228,4304,4319.99,0,1587.55,727.67,859.88,1946.22,1947.54,358.67,359.99
229,4320,4343.99,0,1586.55,727.67,858.88,1946.55,1948.54,360,361.99
230,4344,4351.99,0,1585.55,727.67,857.88,1947.55,1948.21,362,362.66
231,4352,4367.99,0,1584.55,727.67,856.88,1947.22,1948.54,362.67,363.99
232,4368,4391.99,0,1583.55,727.67,855.88,1947.55,1949.54,364,365.99
233,4392,4399.99,0,1582.55,727.67,854.88,1948.55,1949.21,366,366.66
234,4400,4415.99,0,1581.55,727.67,853.88,1948.22,1949.54,366.67,367.99
235,4416,4439.99,0,1580.55,727.67,852.88,1948.55,1950.54,368,369.99
236,4440,4447.99,0,1579.55,727.67,851.88,1949.55,1950.21,370,370.66
237,4448,4463.99,0,1578.55,727.67,850.88,1949.22,1950.54,370.67,371.99
238,4464,4487.99,0,1577.55,727.67,849.88,1949.55,1951.54,372,373.99
239,4488,4495.99,0,1576.55,727.67,848.88,1950.55,1951.21,374,374.66
240,4496,4511.99,0,1575.55,727.67,847.88,1950.22,1951.54,374.67,375.99
241,4512,4535.99,0,1574.55,727.67,846.88,1950.55,1952.54,376,377.99
242,4536,4543.99,0,1573.55,727.67,845.88,1951.55,1952.21,378,378.66
243,4544,4559.99,0,1572.55,727.67,844.88,1951.22,1952.54,378.67,379.99
244,4560,4583.99,0,1571.55,727.67,843.88,1951.55,1953.54,380,381.99
245,4584,4591.99,0,1570.55,727.67,842.88,1952.55,1953.21,382,382.66
246,4592,4607.99,0,1569.55,727.67,841.88,1952.22,1953.54,382.67,383.99
247,4608,4631.99,0,1568.55,727.67,840.88,1952.55,1954.54,384,385.99
248,4632,4639.99,0,1567.55,727.67,839.88,1953.55,1954.21,386,386.66
249,4640,4655.99,0,1566.55,727.67,838.88,1953.22,1954.54,386.67,387.99
250,4656,4679.99,0,1565.55,727.67,837.88,1953.55,1955.54,388,389.99
251,4680,4687.99,0,1564.55,727.67,836.88,1954.55,1955.21,390,390.66
252,4688,4703.99,0,1563.55,727.67,835.88,1954.22,1955.54,390.67,391.99
253,4704,4727.99,0,1562.55,727.67,834.88,1954.55,1956.54,392,393.99
254,4728,4735.99,0,1561.55,727.67,833.88,1955.55,1956.21,394,394.66
255,4736,4751.99,0,1560.55,727.67,832.88,1955.22,1956.54,394.67,395.99
256,4752,4775.99,0,1559.55,727.67,831.88,1955.55,1957.54,396,397.99
257,4776,4783.99,0,1558.55,727.67,830.88,1956.55,1957.21,398,398.66
258,4784,4799.99,0,1557.55,727.67,829.88,1956.22,1957.54,398.67,399.99
259,4800,4823.99,0,1556.55,727.67,828.88,1956.55,1958.54,400,401.99
260,4824,4831.99,0,1555.55,727.67,827.88,1957.55,1958.21,402,402.66
261,4832,4847.99,0,1554.55,727.67,826.88,1957.22,1958.54,402.67,403.99
262,4848,4871.99,0,1553.55,727.67,825.88,1957.55,1959.54,404,405.99
263,4872,4879.99,0,1552.55,727.67,824.88,1958.55,1959.21,406,406.66
264,4880,4895.99,0,1551.55,727.67,823.88,1958.22,1959.54,406.67,407.99
265,4896,4919.99,0,1550.55,727.67,822.88,1958.55,1960.54,408,409.99
266,4920,4927.99,0,1549.55,727.67,821.88,1959.55,1960.21,410,410.66
267,4928,4943.99,0,1548.55,727.67,820.88,1959.22,1960.54,410.67,411.99
268,4944,4967.99,0,1547.55,727.67,819.88,1959.55,1961.54,412,413.99
269,4968,4975.99,0,1546.55,727.67,818.88,1960.55,1961.21,414,414.66
270,4976,4991.99,0,1545.55,727.67,817.88,1960.22,1961.54,414.67,415.99
271,4992,5015.99,0,1544.55,727.67,816.88,1960.55,1962.54,416,417.99
272,5016,5023.99,0,1543.55,727.67,815.88,1961.55,1962.21,418,418.66
273,5024,5039.99,0,1542.55,727.67,814.88,1961.22,1962.54,418.67,419.99
274,5040,5063.99,0,1541.55,727.67,813.88,1961.55,1963.54,420,421.99
275,5064,5071.99,0,1540.55,727.67,812.88,1962.55,1963.21,422,422.66
276,5072,5087.99,0,1539.55,727.67,811.88,1962.22,1963.54,422.67,423.99
277,5088,5111.99,0,1538.55,727.67,810.88,1962.55,1964.54,424,425.99
278,5112,5119.99,0,1537.55,727.67,809.88,1963.55,1964.21,426,426.66
279,5120,5135.99,0,1536.55,727.67,808.88,1963.22,1964.54,426.67,427.99
280,5136,5159.99,0,1535.55,727.67,807.88,1963.55,1965.54,428,429.99
281,5160,5167.99,0,1534.55,727.67,806.88,1964.55,1965.21,430,430.66
282,5168,5183.99,0,1533.55,727.67,805.88,1964.22,1965.54,430.67,431.99
283,5184,5207.99,0,1532.55,727.67,804.88,1964.55,1966.54,432,433.99
284,5208,5215.99,0,1531.55,727.67,803.88,1965.55,1966.21,434,434.66
285,5216,5231.99,0,1530.55,727.67,802.88,1965.22,1966.54,434.67,435.99
286,5232,5255.99,0,1529.55,727.67,801.88,1965.55,1967.54,436,437.99
287,5256,5263.99,0,1528.55,727.67,800.88,1966.55,1967.21,438,438.66
288,5264,5279.99,0,1527.55,727.67,799.88,1966.22,1967.54,438.67,439.99
289,5280,5303.99,0,1526.55,727.67,798.88,1966.55,1968.54,440,441.99
290,5304,5311.99,0,1525.55,727.67,797.88,1967.55,1968.21,442,442.66
291,5312,5327.99,0,1524.55,727.67,796.88,1967.22,1968.54,442.67,443.99
292,5328,5351.99,0,1523.55,727.67,795.88,1967.55,1969.54,444,445.99
293,5352,5359.99,0,1522.55,727.67,794.88,1968.55,1969.21,446,446.66
294,5360,5375.99,0,1521.55,727.67,793.88,1968.22,1969.54,446.67,447.99
295,5376,5399.99,0,1520.55,727.67,792.88,1968.55,1970.54,448,449.99
296,5400,5407.99,0,1519.55,727.67,791.88,1969.55,1970.21,450,450.66
297,5408,5423.99,0,1518.55,727.67,790.88,1969.22,1970.54,450.67,451.99
298,5424,5447.99,0,1517.55,727.67,789.88,1969.55,1971.54,452,453.99
299,5448,5455.99,0,1516.55,727.67,788.88,1970.55,1971.21,454,454.66
300,5456,5471.99,0,1515.55,727.67,787.88,1970.22,1971.54,454.67,455.99
301,5472,5495.99,0,1514.55,727.67,786.88,1970.55,1972.54,456,457.99
302,5496,5503.99,0,1513.55,727.67,785.88,1971.55,1972.21,458,458.66
303,5504,5519.99,0,1512.55,727.67,784.88,1971.22,1972.54,458.67,459.99
304,5520,5543.99,0,1511.55,727.67,783.88,1971.55,1973.54,460,461.99
305,5544,5551.99,0,1510.55,727.67,782.88,1972.55,1973.21,462,462.66
306,5552,5567.99,0,1509.55,727.67,781.88,1972.22,1973.54,462.67,463.99
307,5568,5591.99,0,1508.55,727.67,780.88,1972.55,1974.54,464,465.99
308,5592,5599.99,0,1507.55,727.67,779.88,1973.55,1974.21,466,466.66
309,5600,5615.99,0,1506.55,727.67,778.88,1973.22,1974.54,466.67,467.99
310,5616,5639.99,0,1505.55,727.67,777.88,1973.55,1975.54,468,469.99
311,5640,5647.99,0,1504.55,727.67,776.88,1974.55,1975.21,470,470.66
312,5648,5663.99,0,1503.55,727.67,775.88,1974.22,1975.54,470.67,471.99
313,5664,5687.99,0,1502.55,727.67,774.88,1974.55,1976.54,472,473.99
314,5688,5695.99,0,1501.55,727.67,773.88,1975.55,1976.21,474,474.66
315,5696,5711.99,0,1500.55,727.67,772.88,1975.22,1976.54,474.67,475.99
316,5712,5735.99,0,1499.55,727.67,771.88,1975.55,1977.54,476,477.99
317,5736,5743.99,0,1498.55,727.67,770.88,1976.55,1977.21,478,478.66
318,5744,5759.99,0,1497.55,727.67,769.88,1976.22,1977.54,478.67,479.99
319,5760,5783.99,0,1496.55,727.67,768.88,1976.55,1978.54,480,481.99
320,5784,5791.99,0,1495.55,727.67,767.88,1977.55,1978.21,482,482.66
321,5792,5807.99,0,1494.55,727.67,766.88,1977.22,1978.54,482.67,483.99
322,5808,5831.99,0,1493.55,727.67,765.88,1977.55,1979.54,484,485.99
323,5832,5839.99,0,1492.55,727.67,764.88,1978.55,1979.21,486,486.66
324,5840,5855.99,0,1491.55,727.67,763.88,1978.22,1979.54,486.67,487.99
325,5856,5879.99,0,1490.55,727.67,762.88,1978.55,1980.54,488,489.99
326,5880,5887.99,0,1489.55,727.67,761.88,1979.55,1980.21,490,490.66
327,5888,5903.99,0,1488.55,727.67,760.88,1979.22,1980.54,490.67,491.99
328,5904,5927.99,0,1487.55,727.67,759.88,1979.55,1981.54,492,493.99
329,5928,5935.99,0,1486.55,727.67,758.88,1980.55,1981.21,494,494.66
330,5936,5951.99,0,1485.55,727.67,757.88,1980.22,1981.54,494.67,495.99
331,5952,5975.99,0,1484.55,727.67,756.88,1980.55,1982.54,496,497.99
332,5976,5983.99,0,1483.55,727.67,755.88,1981.55,1982.21,498,498.66
333,5984,5999.99,0,1482.55,727.67,754.88,1981.22,1982.54,498.67,499.99
334,6000,6023.99,0,1481.55,727.67,753.88,1981.55,1983.54,500,501.99
335,6024,6031.99,0,1480.55,727.67,752.88,1982.55,1983.21,502,502.66
336,6032,6047.99,0,1479.55,727.67,751.88,1982.22,1983.54,502.67,503.99
337,6048,6071.99,0,1478.55,727.67,750.88,1982.55,1984.54,504,505.99
338,6072,6079.99,0,1477.55,727.67,749.88,1983.55,1984.21,506,506.66
339,6080,6095.99,0,1476.55,727.67,748.88,1983.22,1984.54,506.67,507.99
340,6096,6119.99,0,1475.55,727.67,747.88,1983.55,1985.54,508,509.99
341,6120,6127.99,0,1474.55,727.67,746.88,1984.55,1985.21,510,510.66
342,6128,6143.99,0,1473.55,727.67,745.88,1984.22,1985.54,510.67,511.99
343,6144,6167.99,0,1472.55,727.67,744.88,1984.55,1986.54,512,513.99
344,6168,6175.99,0,1471.55,727.67,743.88,1985.55,1986.21,514,514.66
345,6176,6191.99,0,1470.55,727.67,742.88,1985.22,1986.54,514.67,515.99
346,6192,6215.99,0,1469.55,727.67,741.88,1985.55,1987.54,516,517.99
347,6216,6223.99,0,1468.55,727.67,740.88,1986.55,1987.21,518,518.66
348,6224,6239.99,0,1467.55,727.67,739.88,1986.22,1987.54,518.67,519.99
349,6240,6263.99,0,1466.55,727.67,738.88,1986.55,1988.54,520,521.99
350,6264,6271.99,0,1465.55,727.67,737.88,1987.55,1988.21,522,522.66
351,6272,6287.99,0,1464.55,727.67,736.88,1987.22,1988.54,522.67,523.99
352,6288,6311.99,0,1463.55,727.67,735.88,1987.55,1989.54,524,525.99
353,6312,6319.99,0,1462.55,727.67,734.88,1988.55,1989.21,526,526.66
354,6320,6335.99,0,1461.55,727.67,733.88,1988.22,1989.54,526.67,527.99
355,6336,6359.99,0,1460.55,727.67,732.88,1988.55,1990.54,528,529.99
356,6360,6367.99,0,1459.55,727.67,731.88,1989.55,1990.21,530,530.66
357,6368,6383.99,0,1458.55,727.67,730.88,1989.22,1990.54,530.67,531.99
358,6384,6407.99,0,1457.55,727.67,729.88,1989.55,1991.54,532,533.99
359,6408,6415.99,0,1456.55,727.67,728.88,1990.55,1991.21,534,534.66
360,6416,6431.99,0,1455.55,727.67,727.88,1990.22,1991.54,534.67,535.99
361,6432,6455.99,0,1454.55,727.67,726.88,1990.55,1992.54,536,537.99
362,6456,6463.99,0,1453.55,727.67,725.88,1991.55,1992.21,538,538.66
363,6464,6479.99,0,1452.55,727.67,724.88,1991.22,1992.54,538.67,539.99
364,6480,6503.99,0,1451.55,727.67,723.88,1991.55,1993.54,540,541.99
365,6504,6511.99,0,1450.55,727.67,722.88,1992.55,1993.21,542,542.66
366,6512,6527.99,0,1449.55,727.67,721.88,1992.22,1993.54,542.67,543.99
367,6528,6551.99,0,1448.55,727.67,720.88,1992.55,1994.54,544,545.99
368,6552,6559.99,0,1447.55,727.67,719.88,1993.55,1994.21,546,546.66
369,6560,6575.99,0,1446.55,727.67,718.88,1993.22,1994.54,546.67,547.99
370,6576,6599.99,0,1445.55,727.67,717.88,1993.55,1995.54,548,549.99
371,6600,6607.99,0,1444.55,727.67,716.88,1994.55,1995.21,550,550.66
372,6608,6623.99,0,1443.55,727.67,715.88,1994.22,1995.54,550.67,551.99
373,6624,6647.99,0,1442.55,727.67,714.88,1994.55,1996.54,552,553.99
374,6648,6655.99,0,1441.55,727.67,713.88,1995.55,1996.21,554,554.66
375,6656,6671.99,0,1440.55,727.67,712.88,1995.22,1996.54,554.67,555.99
376,6672,6695.99,0,1439.55,727.67,711.88,1995.55,1997.54,556,557.99
377,6696,6703.99,0,1438.55,727.67,710.88,1996.55,1997.21,558,558.66
378,6704,6719.99,0,1437.55,727.67,709.88,1996.22,1997.54,558.67,559.99
379,6720,6743.99,0,1436.55,727.67,708.88,1996.55,1998.54,560,561.99
380,6744,6751.99,0,1435.55,727.67,707.88,1997.55,1998.21,562,562.66
381,6752,6767.99,0,1434.55,727.67,706.88,1997.22,1998.54,562.67,563.99
382,6768,6791.99,0,1433.55,727.67,705.88,1997.55,1999.54,564,565.99
383,6792,6799.99,0,1432.55,727.67,704.88,1998.55,1999.21,566,566.66
384,6800,6815.99,0,1431.55,727.67,703.88,1998.22,1999.54,566.67,567.99
385,6816,6839.99,0,1430.55,727.67,702.88,1998.55,2000.54,568,569.99
386,6840,6847.99,0,1429.55,727.67,701.88,1999.55,2000.21,570,570.66
387,6848,6863.99,0,1428.55,727.67,700.88,1999.22,2000.54,570.67,571.99
388,6864,6887.99,0,1427.55,727.67,699.88,1999.55,2001.54,572,573.99
389,6888,6895.99,0,1426.55,727.67,698.88,2000.55,2001.21,574,574.66
390,6896,6911.99,0,1425.55,727.67,697.88,2000.22,2001.54,574.67,575.99
391,6912,6935.99,0,1424.55,727.67,696.88,2000.55,2002.54,576,577.99
392,6936,6943.99,0,1423.55,727.67,695.88,2001.55,2002.21,578,578.66
393,6944,6959.99,0,1422.55,727.67,694.88,2001.22,2002.54,578.67,579.99
394,6960,6983.99,0,1421.55,727.67,693.88,2001.55,2003.54,580,581.99
395,6984,6991.99,0,1420.55,727.67,692.88,2002.55,2003.21,582,582.66
396,6992,7007.99,0,1419.55,727.67,691.88,2002.22,2003.54,582.67,583.99
397,7008,7031.99,0,1418.55,727.67,690.88,2002.55,2004.54,584,585.99
398,7032,7039.99,0,1417.55,727.67,689.88,2003.55,2004.21,586,586.66
399,7040,7055.99,0,1416.55,727.67,688.88,2003.22,2004.54,586.67,587.99
400,7056,7079.99,0,1415.55,727.67,687.88,2003.55,2005.54,588,589.99
401,7080,7087.99,0,1414.55,727.67,686.88,2004.55,2005.21,590,590.66
402,7088,7103.99,0,1413.55,727.67,685.88,2004.22,2005.54,590.67,591.99
403,7104,7127.99,0,1412.55,727.67,684.88,2004.55,2006.54,592,593.99
404,7128,7135.99,0,1411.55,727.67,683.88,2005.55,2006.21,594,594.66
405,7136,7151.99,0,1410.55,727.67,682.88,2005.22,2006.54,594.67,595.99
406,7152,7175.99,0,1409.55,727.67,681.88,2005.55,2007.54,596,597.99
407,7176,7183.99,0,1408.55,727.67,680.88,2006.55,2007.21,598,598.66
408,7184,7199.99,0,1407.55,727.67,679.88,2006.22,2007.54,598.67,599.99
409,7200,7223.99,0,1406.55,727.67,678.88,2006.55,2008.54,600,601.99
410,7224,7231.99,0,1405.55,727.67,677.88,2007.55,2008.21,602,602.66
411,7232,7247.99,0,1404.55,727.67,676.88,2007.22,2008.54,602.67,603.99
412,7248,7271.99,0,1403.55,727.67,675.88,2007.55,2009.54,604,605.99
413,7272,7279.99,0,1402.55,727.67,674.88,2008.55,2009.21,606,606.66
414,7280,7295.99,0,1401.55,727.67,673.88,2008.22,2009.54,606.67,607.99
415,7296,7319.99,0,1400.55,727.67,672.88,2008.55,2010.54,608,609.99
416,7320,7327.99,0,1399.55,727.67,671.88,2009.55,2010.21,610,610.66
417,7328,7343.99,0,1398.55,727.67,670.88,2009.22,2010.54,610.67,611.99
418,7344,7367.99,0,1397.55,727.67,669.88,2009.55,2011.54,612,613.99
419,7368,7375.99,0,1396.55,727.67,668.88,2010.55,2011.21,614,614.66
420,7376,7391.99,0,1395.55,727.67,667.88,2010.22,2011.54,614.67,615.99
421,7392,7415.99,0,1394.55,727.67,666.88,2010.55,2012.54,616,617.99
422,7416,7423.99,0,1393.55,727.67,665.88,2011.55,2012.21,618,618.66
423,7424,7439.99,0,1392.55,727.67,664.88,2011.22,2012.54,618.67,619.99
424,7440,7463.99,0,1391.55,727.67,663.88,2011.55,2013.54,620,621.99
425,7464,7471.99,0,1390.55,727.67,662.88,2012.55,2013.21,622,622.66
426,7472,7487.99,0,1389.55,727.67,661.88,2012.22,2013.54,622.67,623.99
427,7488,7511.99,0,1388.55,727.67,660.88,2012.55,2014.54,624,625.99
428,7512,7519.99,0,1387.55,727.67,659.88,2013.55,2014.21,626,626.66
429,7520,7535.99,0,1386.55,727.67,658.88,2013.22,2014.54,626.67,627.99
430,7536,7559.99,0,1385.55,727.67,657.88,2013.55,2015.54,628,629.99
431,7560,7567.99,0,1384.55,727.67,656.88,2014.55,2015.21,630,630.66
432,7568,7583.99,0,1383.55,727.67,655.88,2014.22,2015.54,630.67,631.99
433,7584,7607.99,0,1382.55,727.67,654.88,2014.55,2016.54,632,633.99
434,7608,7615.99,0,1381.55,727.67,653.88,2015.55,2016.21,634,634.66
435,7616,7631.99,0,1380.55,727.67,652.88,2015.22,2016.54,634.67,635.99
436,7632,7655.99,0,1379.55,727.67,651.88,2015.55,2017.54,636,637.99
437,7656,7663.99,0,1378.55,727.67,650.88,2016.55,2017.21,638,638.66
438,7664,7679.99,0,1377.55,727.67,649.88,2016.22,2017.54,638.67,639.99
439,7680,7703.99,0,1376.55,727.67,648.88,2016.55,2018.54,640,641.99
440,7704,7711.99,0,1375.55,727.67,647.88,2017.55,2018.21,642,642.66
441,7712,7727.99,0,1374.55,727.67,646.88,2017.22,2018.54,642.67,643.99
442,7728,7751.99,0,1373.55,727.67,645.88,2017.55,2019.54,644,645.99
443,7752,7759.99,0,1372.55,727.67,644.88,2018.55,2019.21,646,646.66
444,7760,7775.99,0,1371.55,727.67,643.88,2018.22,2019.54,646.67,647.99
445,7776,7799.99,0,1370.55,727.67,642.88,2018.55,2020.54,648,649.99
446,7800,7807.99,0,1369.55,727.67,641.88,2019.55,2020.21,650,650.66
447,7808,7823.99,0,1368.55,727.67,640.88,2019.22,2020.54,650.67,651.99
448,7824,7847.99,0,1367.55,727.67,639.88,2019.55,2021.54,652,653.99
449,7848,7855.99,0,1366.55,727.67,638.88,2020.55,2021.21,654,654.66
450,7856,7871.99,0,1365.55,727.67,637.88,2020.22,2021.54,654.67,655.99
451,7872,7895.99,0,1364.55,727.67,636.88,2020.55,2022.54,656,657.99
452,7896,7903.99,0,1363.55,727.67,635.88,2021.55,2022.21,658,658.66
453,7904,7919.99,0,1362.55,727.67,634.88,2021.22,2022.54,658.67,659.99
454,7920,7943.99,0,1361.55,727.67,633.88,2021.55,2023.54,660,661.99
455,7944,7951.99,0,1360.55,727.67,632.88,2022.55,2023.21,662,662.66
456,7952,7967.99,0,1359.55,727.67,631.88,2022.22,2023.54,662.67,663.99
457,7968,7991.99,0,1358.55,727.67,630.88,2022.55,2024.54,664,665.99
458,7992,7999.99,0,1357.55,727.67,629.88,2023.55,2024.21,666,666.66
459,8000,8015.99,0,1356.55,727.67,628.88,2023.22,2024.54,666.67,667.99
460,8016,8039.99,0,1355.55,727.67,627.88,2023.55,2025.54,668,669.99
461,8040,8047.99,0,1354.55,727.67,626.88,2024.55,2025.21,670,670.66
462,8048,8063.99,0,1353.55,727.67,625.88,2024.22,2025.54,670.67,671.99
463,8064,8087.99,0,1352.55,727.67,624.88,2024.55,2026.54,672,673.99
464,8088,8095.99,0,1351.55,727.67,623.88,2025.55,2026.21,674,674.66
465,8096,8111.99,0,1350.55,727.67,622.88,2025.22,2026.54,674.67,675.99
466,8112,8135.99,0,1349.55,727.67,621.88,2025.55,2027.54,676,677.99
467,8136,8143.99,0,1348.55,727.67,620.88,2026.55,2027.21,678,678.66
468,8144,8159.99,0,1347.55,727.67,619.88,2026.22,2027.54,678.67,679.99
469,8160,8183.99,0,1346.55,727.67,618.88,2026.55,2028.54,680,681.99
470,8184,8191.99,0,1345.55,727.67,617.88,2027.55,2028.21,682,682.66
471,8192,8207.99,0,1344.55,727.67,616.88,2027.22,2028.54,682.67,683.99
472,8208,8231.99,0,1343.55,727.67,615.88,2027.55,2029.54,684,685.99
473,8232,8239.99,0,1342.55,727.67,614.88,2028.55,2029.21,686,686.66
474,8240,8255.99,0,1341.55,727.67,613.88,2028.22,2029.54,686.67,687.99
475,8256,8279.99,0,1340.55,727.67,612.88,2028.55,2030.54,688,689.99
476,8280,8287.99,0,1339.55,727.67,611.88,2029.55,2030.21,690,690.66
477,8288,8303.99,0,1338.55,727.67,610.88,2029.22,2030.54,690.67,691.99
478,8304,8327.99,0,1337.55,727.67,609.88,2029.55,2031.54,692,693.99
479,8328,8335.99,0,1336.55,727.67,608.88,2030.55,2031.21,694,694.66
480,8336,8351.99,0,1335.55,727.67,607.88,2030.22,2031.54,694.67,695.99
481,8352,8375.99,0,1334.55,727.67,606.88,2030.55,2032.54,696,697.99
482,8376,8383.99,0,1333.55,727.67,605.88,2031.55,2032.21,698,698.66
483,8384,8399.99,0,1332.55,727.67,604.88,2031.22,2032.54,698.67,699.99
484,8400,8423.99,0,1331.55,727.67,603.88,2031.55,2033.54,700,701.99
485,8424,8431.99,0,1330.55,727.67,602.88,2032.55,2033.21,702,702.66
486,8432,8447.99,0,1329.55,727.67,601.88,2032.22,2033.54,702.67,703.99
487,8448,8471.99,0,1328.55,727.67,600.88,2032.55,2034.54,704,705.99
488,8472,8479.99,0,1327.55,727.67,599.88,2033.55,2034.21,706,706.66
489,8480,8495.99,0,1326.55,727.67,598.88,2033.22,2034.54,706.67,707.99
490,8496,8519.99,0,1325.55,727.67,597.88,2033.55,2035.54,708,709.99
491,8520,8527.99,0,1324.55,727.67,596.88,2034.55,2035.21,710,710.66
492,8528,8543.99,0,1323.55,727.67,595.88,2034.22,2035.54,710.67,711.99
493,8544,8567.99,0,1322.55,727.67,594.88,2034.55,2036.54,712,713.99
494,8568,8575.99,0,1321.55,727.67,593.88,2035.55,2036.21,714,714.66
495,8576,8591.99,0,1320.55,727.67,592.88,2035.22,2036.54,714.67,715.99
496,8592,8615.99,0,1319.55,727.67,591.88,2035.55,2037.54,716,717.99
497,8616,8623.99,0,1318.55,727.67,590.88,2036.55,2037.21,718,718.66
498,8624,8639.99,0,1317.55,727.67,589.88,2036.22,2037.54,718.67,719.99
499,8640,8663.99,0,1316.55,727.67,588.88,2036.55,2038.54,720,721.99
500,8664,8671.99,0,1315.55,727.67,587.88,2037.55,2038.21,722,722.66
501,8672,8687.99,0,1314.55,727.67,586.88,2037.22,2038.54,722.67,723.99
502,8688,8711.99,0,1313.55,727.67,585.88,2037.55,2039.54,724,725.99
503,8712,8719.99,0,1312.55,727.67,584.88,2038.55,2039.21,726,726.66
504,8720,8735.99,0,1311.55,727.67,583.88,2038.22,2039.54,726.67,727.99
505,8736,8759.99,0,1310.55,727.67,582.88,2038.55,2040.54,728,729.99
506,8760,8767.99,0,1309.55,727.67,581.88,2039.55,2040.21,730,730.66
507,8768,8783.99,0,1308.55,727.67,580.88,2039.22,2040.54,730.67,731.99
508,8784,8807.99,0,1307.55,727.67,579.88,2039.55,2041.54,732,733.99
509,8808,8815.99,0,1306.55,727.67,578.88,2040.55,2041.21,734,734.66
510,8816,8831.99,0,1305.55,727.67,577.88,2040.22,2041.54,734.67,735.99
511,8832,8855.99,0,1304.55,727.67,576.88,2040.55,2042.54,736,737.99
512,8856,8863.99,0,1303.55,727.67,575.88,2041.55,2042.21,738,738.66
513,8864,8879.99,0,1302.55,727.67,574.88,2041.22,2042.54,738.67,739.99
514,8880,8903.99,0,1301.55,727.67,573.88,2041.55,2043.54,740,741.99
515,8904,8911.99,0,1300.55,727.67,572.88,2042.55,2043.21,742,742.66
516,8912,8927.99,0,1299.55,727.67,571.88,2042.22,2043.54,742.67,743.99
517,8928,8951.99,0,1298.55,727.67,570.88,2042.55,2044.54,744,745.99
518,8952,8959.99,0,1297.55,727.67,569.88,2043.55,2044.21,746,746.66
519,8960,8975.99,0,1296.55,727.67,568.88,2043.22,2044.54,746.67,747.99
520,8976,8999.99,0,1295.55,727.67,567.88,2043.55,2045.54,748,749.99
521,9000,9007.99,0,1294.55,727.67,566.88,2044.55,2045.21,750,750.66
522,9008,9023.99,0,1293.55,727.67,565.88,2044.22,2045.54,750.67,751.99
523,9024,9047.99,0,1292.55,727.67,564.88,2044.55,2046.54,752,753.99
524,9048,9055.99,0,1291.55,727.67,563.88,2045.55,2046.21,754,754.66
525,9056,9071.99,0,1290.55,727.67,562.88,2045.22,2046.54,754.67,755.99
526,9072,9095.99,0,1289.55,727.67,561.88,2045.55,2047.54,756,757.99
527,9096,9103.99,0,1288.55,727.67,560.88,2046.55,2047.21,758,758.66
528,9104,9119.99,0,1287.55,727.67,559.88,2046.22,2047.54,758.67,759.99
529,9120,9143.99,0,1286.55,727.67,558.88,2046.55,2048.54,760,761.99
530,9144,9151.99,0,1285.55,727.67,557.88,2047.55,2048.21,762,762.66
531,9152,9167.99,0,1284.55,727.67,556.88,2047.22,2048.54,762.67,763.99
532,9168,9191.99,0,1283.55,727.67,555.88,2047.55,2049.54,764,765.99
533,9192,9199.99,0,1282.55,727.67,554.88,2048.55,2049.21,766,766.66
534,9200,9215.99,0,1281.55,727.67,553.88,2048.22,2049.54,766.67,767.99
535,9216,9239.99,0,1280.55,727.67,552.88,2048.55,2050.54,768,769.99
536,9240,9247.99,0,1279.55,727.67,551.88,2049.55,2050.21,770,770.66
537,9248,9263.99,0,1278.55,727.67,550.88,2049.22,2050.54,770.67,771.99
538,9264,9287.99,0,1277.55,727.67,549.88,2049.55,2051.54,772,773.99
539,9288,9295.99,0,1276.55,727.67,548.88,2050.55,2051.21,774,774.66
540,9296,9311.99,0,1275.55,727.67,547.88,2050.22,2051.54,774.67,775.99
541,9312,9335.99,0,1274.55,727.67,546.88,2050.55,2052.54,776,777.99
542,9336,9343.99,0,1273.55,727.67,545.88,2051.55,2052.21,778,778.66
543,9344,9359.99,0,1272.55,727.67,544.88,2051.22,2052.54,778.67,779.99
544,9360,9383.99,0,1271.55,727.67,543.88,2051.55,2053.54,780,781.99
545,9384,9391.99,0,1270.55,727.67,542.88,2052.55,2053.21,782,782.66
546,9392,9407.99,0,1269.55,727.67,541.88,2052.22,2053.54,782.67,783.99
547,9408,9431.99,0,1268.55,727.67,540.88,2052.55,2054.54,784,785.99
548,9432,9439.99,0,1267.55,727.67,539.88,2053.55,2054.21,786,786.66
549,9440,9455.99,0,1266.55,727.67,538.88,2053.22,2054.54,786.67,787.99
550,9456,9479.99,0,1265.55,727.67,537.88,2053.55,2055.54,788,789.99
551,9480,9487.99,0,1264.55,727.67,536.88,2054.55,2055.21,790,790.66
552,9488,9503.99,0,1263.55,727.67,535.88,2054.22,2055.54,790.67,791.99
553,9504,9527.99,0,1262.55,727.67,534.88,2054.55,2056.54,792,793.99
554,9528,9535.99,0,1261.55,727.67,533.88,2055.55,2056.21,794,794.66
555,9536,9551.99,0,1260.55,727.67,532.88,2055.22,2056.54,794.67,795.99
556,9552,9575.99,0,1259.55,727.67,531.88,2055.55,2057.54,796,797.99
557,9576,9583.99,0,1258.55,727.67,530.88,2056.55,2057.21,798,798.66
558,9584,9599.99,0,1257.55,727.67,529.88,2056.22,2057.54,798.67,799.99
559,9600,9623.99,0,1256.55,727.67,528.88,2056.55,2058.54,800,801.99
560,9624,9631.99,0,1255.55,727.67,527.88,2057.55,2058.21,802,802.66
561,9632,9647.99,0,1254.55,727.67,526.88,2057.22,2058.54,802.67,803.99
562,9648,9671.99,0,1253.55,727.67,525.88,2057.55,2059.54,804,805.99
563,9672,9679.99,0,1252.55,727.67,524.88,2058.55,2059.21,806,806.66
564,9680,9695.99,0,1251.55,727.67,523.88,2058.22,2059.54,806.67,807.99
565,9696,9719.99,0,1250.55,727.67,522.88,2058.55,2060.54,808,809.99
566,9720,9727.99,0,1249.55,727.67,521.88,2059.55,2060.21,810,810.66
567,9728,9743.99,0,1248.55,727.67,520.88,2059.22,2060.54,810.67,811.99
568,9744,9767.99,0,1247.55,727.67,519.88,2059.55,2061.54,812,813.99
569,9768,9775.99,0,1246.55,727.67,518.88,2060.55,2061.21,814,814.66
570,9776,9791.99,0,1245.55,727.67,517.88,2060.22,2061.54,814.67,815.99
571,9792,9815.99,0,1244.55,727.67,516.88,2060.55,2062.54,816,817.99
572,9816,9823.99,0,1243.55,727.67,515.88,2061.55,2062.21,818,818.66
573,9824,9839.99,0,1242.55,727.67,514.88,2061.22,2062.54,818.67,819.99
574,9840,9863.99,0,1241.55,727.67,513.88,2061.55,2063.54,820,821.99
575,9864,9871.99,0,1240.55,727.67,512.88,2062.55,2063.21,822,822.66
576,9872,9887.99,0,1239.55,727.67,511.88,2062.22,2063.54,822.67,823.99
577,9888,9911.99,0,1238.55,727.67,510.88,2062.55,2064.54,824,825.99
578,9912,9919.99,0,1237.55,727.67,509.88,2063.55,2064.21,826,826.66
579,9920,9935.99,0,1236.55,727.67,508.88,2063.22,2064.54,826.67,827.99
580,9936,9959.99,0,1235.55,727.67,507.88,2063.55,2065.54,828,829.99
581,9960,9967.99,0,1234.55,727.67,506.88,2064.55,2065.21,830,830.66
582,9968,9983.99,0,1233.55,727.67,505.88,2064.22,2065.54,830.67,831.99
583,9984,10007.99,0,1232.55,727.67,504.88,2064.55,2066.54,832,833.99
584,10008,10015.99,0,1231.55,727.67,503.88,2065.55,2066.21,834,834.66
585,10016,10031.99,0,1230.55,727.67,502.88,2065.22,2066.54,834.67,835.99
586,10032,10055.99,0,1229.55,727.67,501.88,2065.55,2067.54,836,837.99
587,10056,10063.99,0,1228.55,727.67,500.88,2066.55,2067.21,838,838.66
588,10064,10079.99,0,1227.55,727.67,499.88,2066.22,2067.54,838.67,839.99
589,10080,10103.99,0,1226.55,727.67,498.88,2066.55,2068.54,840,841.99
590,10104,10111.99,0,1225.55,727.67,497.88,2067.55,2068.21,842,842.66
591,10112,10127.99,0,1225.19,727.67,497.52,2067.86,2069.18,842.67,843.99
592,10128,10151.99,0,1224.19,727.67,496.52,2068.19,2070.18,844,845.99
593,10152,10175.99,0,1223.19,727.67,495.52,2069.19,2071.18,846,847.99
594,10176,10199.99,0,1222.19,727.67,494.52,2070.19,2072.18,848,849.99
595,10200,10223.99,0,1221.19,727.67,493.52,2071.19,2073.18,850,851.99
596,10224,10247.99,0,1220.19,727.67,492.52,2072.19,2074.18,852,853.99
597,10248,10271.99,0,1219.19,727.67,491.52,2073.19,2075.18,854,855.99
598,10272,10295.99,0,1218.19,727.67,490.52,2074.19,2076.18,856,857.99
599,10296,10319.99,0,1217.19,727.67,489.52,2075.19,2077.18,858,859.99
600,10320,10343.99,0,1216.19,727.67,488.52,2076.19,2078.18,860,861.99
601,10344,10367.99,0,1215.19,727.67,487.52,2077.19,2079.18,862,863.99
602,10368,10391.99,0,1214.19,727.67,486.52,2078.19,2080.18,864,865.99
603,10392,10415.99,0,1213.19,727.67,485.52,2079.19,2081.18,866,867.99
604,10416,10439.99,0,1212.19,727.67,484.52,2080.19,2082.18,868,869.99
605,10440,10463.99,0,1211.19,727.67,483.52,2081.19,2083.18,870,871.99
606,10464,10487.99,0,1210.19,727.67,482.52,2082.19,2084.18,872,873.99
607,10488,10511.99,0,1209.19,727.67,481.52,2083.19,2085.18,874,875.99
608,10512,10535.99,0,1208.19,727.67,480.52,2084.19,2086.18,876,877.99
609,10536,10559.99,0,1207.19,727.67,479.52,2085.19,2087.18,878,879.99
610,10560,10583.99,0,1206.19,727.67,478.52,2086.19,2088.18,880,881.99
611,10584,10607.99,0,1205.19,727.67,477.52,2087.19,2089.18,882,883.99
612,10608,10631.99,0,1204.19,727.67,476.52,2088.19,2090.18,884,885.99
613,10632,10655.99,0,1203.19,727.67,475.52,2089.19,2091.18,886,887.99
614,10656,10679.99,0,1202.19,727.67,474.52,2090.19,2092.18,888,889.99
615,10680,10703.99,0,1201.19,727.67,473.52,2091.19,2093.18,890,891.99
616,10704,10727.99,0,1200.19,727.67,472.52,2092.19,2094.18,892,893.99
617,10728,10751.99,0,1199.19,727.67,471.52,2093.19,2095.18,894,895.99
618,10752,10775.99,0,1198.19,727.67,470.52,2094.19,2096.18,896,897.99
619,10776,10799.99,0,1197.19,727.67,469.52,2095.19,2097.18,898,899.99
620,10800,10823.99,0,1196.19,727.67,468.52,2096.19,2098.18,900,901.99
621,10824,10847.99,0,1195.19,727.67,467.52,2097.19,2099.18,902,903.99
622,10848,10871.99,0,1194.19,727.67,466.52,2098.19,2100.18,904,905.99
623,10872,10895.99,0,1193.19,727.67,465.52,2099.19,2101.18,906,907.99
624,10896,10919.99,0,1192.19,727.67,464.52,2100.19,2102.18,908,909.99
625,10920,10943.99,0,1191.19,727.67,463.52,2101.19,2103.18,910,911.99
626,10944,10967.99,0,1190.19,727.67,462.52,2102.19,2104.18,912,913.99
627,10968,10991.99,0,1189.19,727.67,461.52,2103.19,2105.18,914,915.99
628,10992,11015.99,0,1188.19,727.67,460.52,2104.19,2106.18,916,917.99
629,11016,11039.99,0,1187.19,727.67,459.52,2105.19,2107.18,918,919.99
630,11040,11063.99,0,1186.19,727.67,458.52,2106.19,2108.18,920,921.99
631,11064,11087.99,0,1185.19,727.67,457.52,2107.19,2109.18,922,923.99
632,11088,11111.99,0,1184.19,727.67,456.52,2108.19,2110.18,924,925.99
633,11112,11135.99,0,1183.19,727.67,455.52,2109.19,2111.18,926,927.99
634,11136,11159.99,0,1182.19,727.67,454.52,2110.19,2112.18,928,929.99
635,11160,11183.99,0,1181.19,727.67,453.52,2111.19,2113.18,930,931.99
636,11184,11207.99,0,1180.19,727.67,452.52,2112.19,2114.18,932,933.99
637,11208,11231.99,0,1179.19,727.67,451.52,2113.19,2115.18,934,935.99
638,11232,11255.99,0,1178.19,727.67,450.52,2114.19,2116.18,936,937.99
639,11256,11279.99,0,1177.19,727.67,449.52,2115.19,2117.18,938,939.99
640,11280,11303.99,0,1176.19,727.67,448.52,2116.19,2118.18,940,941.99
641,11304,11327.99,0,1175.19,727.67,447.52,2117.19,2119.18,942,943.99
642,11328,11351.99,0,1174.19,727.67,446.52,2118.19,2120.18,944,945.99
643,11352,11375.99,0,1173.19,727.67,445.52,2119.19,2121.18,946,947.99
644,11376,11399.99,0,1172.19,727.67,444.52,2120.19,2122.18,948,949.99
645,11400,11423.99,0,1171.19,727.67,443.52,2121.19,2123.18,950,951.99
646,11424,11447.99,0,1170.19,727.67,442.52,2122.19,2124.18,952,953.99
647,11448,11471.99,0,1169.19,727.67,441.52,2123.19,2125.18,954,955.99
648,11472,11495.99,0,1168.19,727.67,440.52,2124.19,2126.18,956,957.99
649,11496,11519.99,0,1167.19,727.67,439.52,2125.19,2127.18,958,959.99
650,11520,11543.99,0,1166.19,727.67,438.52,2126.19,2128.18,960,961.99
651,11544,11567.99,0,1165.19,727.67,437.52,2127.19,2129.18,962,963.99
652,11568,11591.99,0,1164.19,727.67,436.52,2128.19,2130.18,964,965.99
653,11592,11615.99,0,1163.19,727.67,435.52,2129.19,2131.18,966,967.99
654,11616,11639.99,0,1162.19,727.67,434.52,2130.19,2132.18,968,969.99
655,11640,11663.99,0,1161.19,727.67,433.52,2131.19,2133.18,970,971.99
656,11664,11687.99,0,1160.19,727.67,432.52,2132.19,2134.18,972,973.99
657,11688,11711.99,0,1159.19,727.67,431.52,2133.19,2135.18,974,975.99
658,11712,11735.99,0,1158.19,727.67,430.52,2134.19,2136.18,976,977.99
659,11736,11759.99,0,1157.19,727.67,429.52,2135.19,2137.18,978,979.99
660,11760,11783.99,0,1156.19,727.67,428.52,2136.19,2138.18,980,981.99
661,11784,11807.99,0,1155.19,727.67,427.52,2137.19,2139.18,982,983.99
662,11808,11831.99,0,1154.19,727.67,426.52,2138.19,2140.18,984,985.99
663,11832,11855.99,0,1153.19,727.67,425.52,2139.19,2141.18,986,987.99
664,11856,11879.99,0,1152.19,727.67,424.52,2140.19,2142.18,988,989.99
665,11880,11903.99,0,1151.19,727.67,423.52,2141.19,2143.18,990,991.99
666,11904,11927.99,0,1150.19,727.67,422.52,2142.19,2144.18,992,993.99
667,11928,11951.99,0,1149.19,727.67,421.52,2143.19,2145.18,994,995.99
668,11952,11975.99,0,1148.19,727.67,420.52,2144.19,2146.18,996,997.99
669,11976,11999.99,0,1147.19,727.67,419.52,2145.19,2147.18,998,999.99
670,12000,12023.99,0,1146.19,727.67,418.52,2146.19,2148.18,1000,1001.99
671,12024,12047.99,0,1145.19,727.67,417.52,2147.19,2149.18,1002,1003.99
672,12048,12071.99,0,1144.19,727.67,416.52,2148.19,2150.18,1004,1005.99
673,12072,12095.99,0,1143.19,727.67,415.52,2149.19,2151.18,1006,1007.99
674,12096,12119.99,0,1142.19,727.67,414.52,2150.19,2152.18,1008,1009.99
675,12120,12143.99,0,1141.19,727.67,413.52,2151.19,2153.18,1010,1011.99
676,12144,12167.99,0,1140.19,727.67,412.52,2152.19,2154.18,1012,1013.99
677,12168,12191.99,0,1139.19,727.67,411.52,2153.19,2155.18,1014,1015.99
678,12192,12215.99,0,1138.19,727.67,410.52,2154.19,2156.18,1016,1017.99
679,12216,12239.99,0,1137.19,727.67,409.52,2155.19,2157.18,1018,1019.99
680,12240,12263.99,0,1136.19,727.67,408.52,2156.19,2158.18,1020,1021.99
681,12264,12287.99,0,1135.19,727.67,407.52,2157.19,2159.18,1022,1023.99
682,12288,12311.99,0,1134.19,727.67,406.52,2158.19,2160.18,1024,1025.99
683,12312,12335.99,0,1133.19,727.67,405.52,2159.19,2161.18,1026,1027.99
684,12336,12359.99,0,1132.19,727.67,404.52,2160.19,2162.18,1028,1029.99
685,12360,12383.99,0,1131.19,727.67,403.52,2161.19,2163.18,1030,1031.99
686,12384,12407.99,0,1130.19,727.67,402.52,2162.19,2164.18,1032,1033.99
687,12408,12431.99,0,1129.19,727.67,401.52,2163.19,2165.18,1034,1035.99
688,12432,12455.99,0,1128.19,727.67,400.52,2164.19,2166.18,1036,1037.99
689,12456,12479.99,0,1127.19,727.67,399.52,2165.19,2167.18,1038,1039.99
690,12480,12503.99,0,1126.19,727.67,398.52,2166.19,2168.18,1040,1041.99
691,12504,12527.99,0,1125.19,727.67,397.52,2167.19,2169.18,1042,1043.99
692,12528,12551.99,0,1124.19,727.67,396.52,2168.19,2170.18,1044,1045.99
693,12552,12575.99,0,1123.19,727.67,395.52,2169.19,2171.18,1046,1047.99
694,12576,12599.99,0,1122.19,727.67,394.52,2170.19,2172.18,1048,1049.99
695,12600,12623.99,0,1121.19,727.67,393.52,2171.19,2173.18,1050,1051.99
696,12624,12647.99,0,1120.19,727.67,392.52,2172.19,2174.18,1052,1053.99
697,12648,12671.99,0,1119.19,727.67,391.52,2173.19,2175.18,1054,1055.99
698,12672,12695.99,0,1118.19,727.67,390.52,2174.19,2176.18,1056,1057.99
699,12696,12719.99,0,1117.19,727.67,389.52,2175.19,2177.18,1058,1059.99
700,12720,12743.99,0,1116.19,727.67,388.52,2176.19,2178.18,1060,1061.99
701,12744,12767.99,0,1115.19,727.67,387.52,2177.19,2179.18,1062,1063.99
702,12768,12791.99,0,1114.19,727.67,386.52,2178.19,2180.18,1064,1065.99
703,12792,12815.99,0,1113.19,727.67,385.52,2179.19,2181.18,1066,1067.99
704,12816,12839.99,0,1112.19,727.67,384.52,2180.19,2182.18,1068,1069.99
705,12840,12863.99,0,1111.19,727.67,383.52,2181.19,2183.18,1070,1071.99
706,12864,12887.99,0,1110.19,727.67,382.52,2182.19,2184.18,1072,1073.99
707,12888,12911.99,0,1109.19,727.67,381.52,2183.19,2185.18,1074,1075.99
708,12912,12935.99,0,1108.19,727.67,380.52,2184.19,2186.18,1076,1077.99
709,12936,12959.99,0,1107.19,727.67,379.52,2185.19,2187.18,1078,1079.99
710,12960,12983.99,0,1106.19,727.67,378.52,2186.19,2188.18,1080,1081.99
711,12984,13007.99,0,1105.19,727.67,377.52,2187.19,2189.18,1082,1083.99
712,13008,13031.99,0,1104.19,727.67,376.52,2188.19,2190.18,1084,1085.99
713,13032,13055.99,0,1103.19,727.67,375.52,2189.19,2191.18,1086,1087.99
714,13056,13079.99,0,1102.19,727.67,374.52,2190.19,2192.18,1088,1089.99
715,13080,13103.99,0,1101.19,727.67,373.52,2191.19,2193.18,1090,1091.99
716,13104,13127.99,0,1100.19,727.67,372.52,2192.19,2194.18,1092,1093.99
717,13128,13151.99,0,1099.19,727.67,371.52,2193.19,2195.18,1094,1095.99
718,13152,13175.99,0,1098.19,727.67,370.52,2194.19,2196.18,1096,1097.99
719,13176,13199.99,0,1097.19,727.67,369.52,2195.19,2197.18,1098,1099.99
720,13200,13223.99,0,1096.19,727.67,368.52,2196.19,2198.18,1100,1101.99
721,13224,13247.99,0,1095.19,727.67,367.52,2197.19,2199.18,1102,1103.99
722,13248,13271.99,0,1094.19,727.67,366.52,2198.19,2200.18,1104,1105.99
723,13272,13295.99,0,1093.19,727.67,365.52,2199.19,2201.18,1106,1107.99
724,13296,13319.99,0,1092.19,727.67,364.52,2200.19,2202.18,1108,1109.99
725,13320,13343.99,0,1091.19,727.67,363.52,2201.19,2203.18,1110,1111.99
726,13344,13367.99,0,1090.19,727.67,362.52,2202.19,2204.18,1112,1113.99
727,13368,13391.99,0,1089.19,727.67,361.52,2203.19,2205.18,1114,1115.99
728,13392,13415.99,0,1088.19,727.67,360.52,2204.19,2206.18,1116,1117.99
729,13416,13439.99,0,1087.19,727.67,359.52,2205.19,2207.18,1118,1119.99
730,13440,13463.99,0,1086.19,727.67,358.52,2206.19,2208.18,1120,1121.99
731,13464,13487.99,0,1085.19,727.67,357.52,2207.19,2209.18,1122,1123.99
732,13488,13511.99,0,1084.19,727.67,356.52,2208.19,2210.18,1124,1125.99
733,13512,13535.99,0,1083.19,727.67,355.52,2209.19,2211.18,1126,1127.99
734,13536,13559.99,0,1082.19,727.67,354.52,2210.19,2212.18,1128,1129.99
735,13560,13583.99,0,1081.19,727.67,353.52,2211.19,2213.18,1130,1131.99
736,13584,13607.99,0,1080.19,727.67,352.52,2212.19,2214.18,1132,1133.99
737,13608,13631.99,0,1079.19,727.67,351.52,2213.19,2215.18,1134,1135.99
738,13632,13655.99,0,1078.19,727.67,350.52,2214.19,2216.18,1136,1137.99
739,13656,13679.99,0,1077.19,727.67,349.52,2215.19,2217.18,1138,1139.99
740,13680,13703.99,0,1076.19,727.67,348.52,2216.19,2218.18,1140,1141.99
741,13704,13727.99,0,1075.19,727.67,347.52,2217.19,2219.18,1142,1143.99
742,13728,13751.99,0,1074.19,727.67,346.52,2218.19,2220.18,1144,1145.99
743,13752,13775.99,0,1073.19,727.67,345.52,2219.19,2221.18,1146,1147.99
744,13776,13799.99,0,1072.19,727.67,344.52,2220.19,2222.18,1148,1149.99
745,13800,13823.99,0,1071.19,727.67,343.52,2221.19,2223.18,1150,1151.99
746,13824,13847.99,0,1070.19,727.67,342.52,2222.19,2224.18,1152,1153.99
747,13848,13871.99,0,1069.19,727.67,341.52,2223.19,2225.18,1154,1155.99
748,13872,13895.99,0,1068.19,727.67,340.52,2224.19,2226.18,1156,1157.99
749,13896,13919.99,0,1067.19,727.67,339.52,2225.19,2227.18,1158,1159.99
750,13920,13943.99,0,1066.19,727.67,338.52,2226.19,2228.18,1160,1161.99
751,13944,13967.99,0,1065.19,727.67,337.52,2227.19,2229.18,1162,1163.99
752,13968,13991.99,0,1064.19,727.67,336.52,2228.19,2230.18,1164,1165.99
753,13992,14015.99,0,1063.19,727.67,335.52,2229.19,2231.18,1166,1167.99
754,14016,14039.99,0,1062.19,727.67,334.52,2230.19,2232.18,1168,1169.99
755,14040,14063.99,0,1061.19,727.67,333.52,2231.19,2233.18,1170,1171.99
756,14064,14087.99,0,1060.19,727.67,332.52,2232.19,2234.18,1172,1173.99
757,14088,14111.99,0,1059.19,727.67,331.52,2233.19,2235.18,1174,1175.99
758,14112,14135.99,0,1058.19,727.67,330.52,2234.19,2236.18,1176,1177.99
759,14136,14159.99,0,1057.19,727.67,329.52,2235.19,2237.18,1178,1179.99
760,14160,14183.99,0,1056.19,727.67,328.52,2236.19,2238.18,1180,1181.99
761,14184,14207.99,0,1055.19,727.67,327.52,2237.19,2239.18,1182,1183.99
762,14208,14231.99,0,1054.19,727.67,326.52,2238.19,2240.18,1184,1185.99
763,14232,14255.99,0,1053.19,727.67,325.52,2239.19,2241.18,1186,1187.99
764,14256,14279.99,0,1052.19,727.67,324.52,2240.19,2242.18,1188,1189.99
765,14280,14303.99,0,1051.19,727.67,323.52,2241.19,2243.18,1190,1191.99
766,14304,14327.99,0,1050.19,727.67,322.52,2242.19,2244.18,1192,1193.99
767,14328,14351.99,0,1049.19,727.67,321.52,2243.19,2245.18,1194,1195.99
768,14352,14375.99,0,1048.19,727.67,320.52,2244.19,2246.18,1196,1197.99
769,14376,14399.99,0,1047.19,727.67,319.52,2245.19,2247.18,1198,1199.99
770,14400,14423.99,0,1046.19,727.67,318.52,2246.19,2248.18,1200,1201.99
771,14424,14447.99,0,1045.19,727.67,317.52,2247.19,2249.18,1202,1203.99
772,14448,14471.99,0,1044.19,727.67,316.52,2248.19,2250.18,1204,1205.99
773,14472,14495.99,0,1043.19,727.67,315.52,2249.19,2251.18,1206,1207.99
774,14496,14519.99,0,1042.19,727.67,314.52,2250.19,2252.18,1208,1209.99
775,14520,14543.99,0,1041.19,727.67,313.52,2251.19,2253.18,1210,1211.99
776,14544,14567.99,0,1040.19,727.67,312.52,2252.19,2254.18,1212,1213.99
777,14568,14591.99,0,1039.19,727.67,311.52,2253.19,2255.18,1214,1215.99
778,14592,14615.99,0,1038.19,727.67,310.52,2254.19,2256.18,1216,1217.99
779,14616,14639.99,0,1037.19,727.67,309.52,2255.19,2257.18,1218,1219.99
780,14640,14663.99,0,1036.19,727.67,308.52,2256.19,2258.18,1220,1221.99
781,14664,14687.99,0,1035.19,727.67,307.52,2257.19,2259.18,1222,1223.99
782,14688,14711.99,0,1034.19,727.67,306.52,2258.19,2260.18,1224,1225.99
783,14712,14735.99,0,1033.19,727.67,305.52,2259.19,2261.18,1226,1227.99
784,14736,14759.99,0,1032.19,727.67,304.52,2260.19,2262.18,1228,1229.99
785,14760,14783.99,0,1031.19,727.67,303.52,2261.19,2263.18,1230,1231.99
786,14784,14807.99,0,1030.19,727.67,302.52,2262.19,2264.18,1232,1233.99
787,14808,14831.99,0,1029.19,727.67,301.52,2263.19,2265.18,1234,1235.99
788,14832,14855.99,0,1028.19,727.67,300.52,2264.19,2266.18,1236,1237.99
789,14856,14879.99,0,1027.19,727.67,299.52,2265.19,2267.18,1238,1239.99
790,14880,14903.99,0,1026.19,727.67,298.52,2266.19,2268.18,1240,1241.99
791,14904,14927.99,0,1025.19,727.67,297.52,2267.19,2269.18,1242,1243.99
792,14928,14951.99,0,1024.19,727.67,296.52,2268.19,2270.18,1244,1245.99
793,14952,14975.99,0,1023.19,727.67,295.52,2269.19,2271.18,1246,1247.99
794,14976,14999.99,0,1022.19,727.67,294.52,2270.19,2272.18,1248,1249.99
795,15000,15023.99,0,1021.19,727.67,293.52,2271.19,2273.18,1250,1251.99
796,15024,15047.99,0,1020.19,727.67,292.52,2272.19,2274.18,1252,1253.99
797,15048,15071.99,0,1019.19,727.67,291.52,2273.19,2275.18,1254,1255.99
798,15072,15095.99,0,1018.19,727.67,290.52,2274.19,2276.18,1256,1257.99
799,15096,15119.99,0,1017.19,727.67,289.52,2275.19,2277.18,1258,1259.99
800,15120,15143.99,0,1016.19,727.67,288.52,2276.19,2278.18,1260,1261.99
801,15144,15167.99,0,1015.19,727.67,287.52,2277.19,2279.18,1262,1263.99
802,15168,15191.99,0,1014.19,727.67,286.52,2278.19,2280.18,1264,1265.99
803,15192,15215.99,0,1013.19,727.67,285.52,2279.19,2281.18,1266,1267.99
804,15216,15239.99,0,1012.19,727.67,284.52,2280.19,2282.18,1268,1269.99
805,15240,15263.99,0,1011.19,727.67,283.52,2281.19,2283.18,1270,1271.99
806,15264,15287.99,0,1010.19,727.67,282.52,2282.19,2284.18,1272,1273.99
807,15288,15311.99,0,1009.19,727.67,281.52,2283.19,2285.18,1274,1275.99
808,15312,15335.99,0,1008.19,727.67,280.52,2284.19,2286.18,1276,1277.99
809,15336,15359.99,0,1007.19,727.67,279.52,2285.19,2287.18,1278,1279.99
810,15360,15383.99,0,1006.19,727.67,278.52,2286.19,2288.18,1280,1281.99
811,15384,15407.99,0,1005.19,727.67,277.52,2287.19,2289.18,1282,1283.99
812,15408,15431.99,0,1004.19,727.67,276.52,2288.19,2290.18,1284,1285.99
813,15432,15455.99,0,1003.19,727.67,275.52,2289.19,2291.18,1286,1287.99
814,15456,15479.99,0,1002.19,727.67,274.52,2290.19,2292.18,1288,1289.99
815,15480,15503.99,0,1001.19,727.67,273.52,2291.19,2293.18,1290,1291.99
816,15504,15527.99,0,1000.19,727.67,272.52,2292.19,2294.18,1292,1293.99
817,15528,15551.99,0,999.19,727.67,271.52,2293.19,2295.18,1294,1295.99
818,15552,15575.99,0,998.19,727.67,270.52,2294.19,2296.18,1296,1297.99
819,15576,15599.99,0,997.19,727.67,269.52,2295.19,2297.18,1298,1299.99
820,15600,15623.99,0,996.19,727.67,268.52,2296.19,2298.18,1300,1301.99
821,15624,15647.99,0,995.19,727.67,267.52,2297.19,2299.18,1302,1303.99
822,15648,15671.99,0,994.19,727.67,266.52,2298.19,2300.18,1304,1305.99
823,15672,15695.99,0,993.19,727.67,265.52,2299.19,2301.18,1306,1307.99
824,15696,15719.99,0,992.19,727.67,264.52,2300.19,2302.18,1308,1309.99
825,15720,15743.99,0,991.19,727.67,263.52,2301.19,2303.18,1310,1311.99
826,15744,15767.99,0,990.19,727.67,262.52,2302.19,2304.18,1312,1313.99
827,15768,15791.99,0,989.19,727.67,261.52,2303.19,2305.18,1314,1315.99
828,15792,15815.99,0,988.19,727.67,260.52,2304.19,2306.18,1316,1317.99
829,15816,15839.99,0,987.19,727.67,259.52,2305.19,2307.18,1318,1319.99
830,15840,15863.99,0,986.19,727.67,258.52,2306.19,2308.18,1320,1321.99
831,15864,15887.99,0,985.19,727.67,257.52,2307.19,2309.18,1322,1323.99
832,15888,15911.99,0,984.19,727.67,256.52,2308.19,2310.18,1324,1325.99
833,15912,15935.99,0,983.19,727.67,255.52,2309.19,2311.18,1326,1327.99
834,15936,15959.99,0,982.19,727.67,254.52,2310.19,2312.18,1328,1329.99
835,15960,15983.99,0,981.19,727.67,253.52,2311.19,2313.18,1330,1331.99
836,15984,16007.99,0,980.19,727.67,252.52,2312.19,2314.18,1332,1333.99
837,16008,16031.99,0,979.19,727.67,251.52,2313.19,2315.18,1334,1335.99
838,16032,16055.99,0,978.19,727.67,250.52,2314.19,2316.18,1336,1337.99
839,16056,16079.99,0,977.19,727.67,249.52,2315.19,2317.18,1338,1339.99
840,16080,16103.99,0,976.19,727.67,248.52,2316.19,2318.18,1340,1341.99
841,16104,16127.99,0,975.19,727.67,247.52,2317.19,2319.18,1342,1343.99
842,16128,16151.99,0,974.19,727.67,246.52,2318.19,2320.18,1344,1345.99
843,16152,16175.99,0,973.19,727.67,245.52,2319.19,2321.18,1346,1347.99
844,16176,16199.99,0,972.19,727.67,244.52,2320.19,2322.18,1348,1349.99
845,16200,16223.99,0,971.19,727.67,243.52,2321.19,2323.18,1350,1351.99
846,16224,16247.99,0,970.19,727.67,242.52,2322.19,2324.18,1352,1353.99
847,16248,16271.99,0,969.19,727.67,241.52,2323.19,2325.18,1354,1355.99
848,16272,16295.99,0,968.19,727.67,240.52,2324.19,2326.18,1356,1357.99
849,16296,16319.99,0,967.19,727.67,239.52,2325.19,2327.18,1358,1359.99
850,16320,16343.99,0,966.19,727.67,238.52,2326.19,2328.18,1360,1361.99
851,16344,16367.99,0,965.19,727.67,237.52,2327.19,2329.18,1362,1363.99
852,16368,16391.99,0,964.19,727.67,236.52,2328.19,2330.18,1364,1365.99
853,16392,16415.99,0,963.19,727.67,235.52,2329.19,2331.18,1366,1367.99
854,16416,16439.99,0,962.19,727.67,234.52,2330.19,2332.18,1368,1369.99
855,16440,16463.99,0,961.19,727.67,233.52,2331.19,2333.18,1370,1371.99
856,16464,16487.99,0,960.19,727.67,232.52,2332.19,2334.18,1372,1373.99
857,16488,16511.99,0,959.19,727.67,231.52,2333.19,2335.18,1374,1375.99
858,16512,16535.99,0,958.19,727.67,230.52,2334.19,2336.18,1376,1377.99
859,16536,16559.99,0,957.19,727.67,229.52,2335.19,2337.18,1378,1379.99
860,16560,16583.99,0,956.19,727.67,228.52,2336.19,2338.18,1380,1381.99
861,16584,16607.99,0,955.19,727.67,227.52,2337.19,2339.18,1382,1383.99
862,16608,16631.99,0,954.19,727.67,226.52,2338.19,2340.18,1384,1385.99
863,16632,16655.99,0,953.19,727.67,225.52,2339.19,2341.18,1386,1387.99
864,16656,16679.99,0,952.19,727.67,224.52,2340.19,2342.18,1388,1389.99
865,16680,16703.99,0,951.19,727.67,223.52,2341.19,2343.18,1390,1391.99
866,16704,16727.99,0,950.19,727.67,222.52,2342.19,2344.18,1392,1393.99
867,16728,16751.99,0,949.19,727.67,221.52,2343.19,2345.18,1394,1395.99
868,16752,16775.99,0,948.19,727.67,220.52,2344.19,2346.18,1396,1397.99
869,16776,16799.99,0,947.19,727.67,219.52,2345.19,2347.18,1398,1399.99
870,16800,16823.99,0,946.19,727.67,218.52,2346.19,2348.18,1400,1401.99
871,16824,16847.99,0,945.19,727.67,217.52,2347.19,2349.18,1402,1403.99
872,16848,16871.99,0,944.19,727.67,216.52,2348.19,2350.18,1404,1405.99
873,16872,16895.99,0,943.19,727.67,215.52,2349.19,2351.18,1406,1407.99
874,16896,16919.99,0,942.19,727.67,214.52,2350.19,2352.18,1408,1409.99
875,16920,16943.99,0,941.19,727.67,213.52,2351.19,2353.18,1410,1411.99
876,16944,16967.99,0,940.19,727.67,212.52,2352.19,2354.18,1412,1413.99
877,16968,16991.99,0,939.19,727.67,211.52,2353.19,2355.18,1414,1415.99
878,16992,17015.99,0,938.19,727.67,210.52,2354.19,2356.18,1416,1417.99
879,17016,17039.99,0,937.19,727.67,209.52,2355.19,2357.18,1418,1419.99
880,17040,17063.99,0,936.19,727.67,208.52,2356.19,2358.18,1420,1421.99
881,17064,17087.99,0,935.19,727.67,207.52,2357.19,2359.18,1422,1423.99
882,17088,17111.99,0,934.19,727.67,206.52,2358.19,2360.18,1424,1425.99
883,17112,17135.99,0,933.19,727.67,205.52,2359.19,2361.18,1426,1427.99
884,17136,17159.99,0,932.19,727.67,204.52,2360.19,2362.18,1428,1429.99
885,17160,17183.99,0,931.19,727.67,203.52,2361.19,2363.18,1430,1431.99
886,17184,17207.99,0,930.19,727.67,202.52,2362.19,2364.18,1432,1433.99
887,17208,17231.99,0,929.19,727.67,201.52,2363.19,2365.18,1434,1435.99
888,17232,17255.99,0,928.19,727.67,200.52,2364.19,2366.18,1436,1437.99
889,17256,17279.99,0,927.19,727.67,199.52,2365.19,2367.18,1438,1439.99
890,17280,17303.99,0,926.19,727.67,198.52,2366.19,2368.18,1440,1441.99
891,17304,17327.99,0,925.19,727.67,197.52,2367.19,2369.18,1442,1443.99
892,17328,17351.99,0,924.19,727.67,196.52,2368.19,2370.18,1444,1445.99
893,17352,17375.99,0,923.19,727.67,195.52,2369.19,2371.18,1446,1447.99
894,17376,17399.99,0,922.19,727.67,194.52,2370.19,2372.18,1448,1449.99
895,17400,17423.99,0,921.19,727.67,193.52,2371.19,2373.18,1450,1451.99
896,17424,17447.99,0,920.19,727.67,192.52,2372.19,2374.18,1452,1453.99
897,17448,17471.99,0,919.19,727.67,191.52,2373.19,2375.18,1454,1455.99
898,17472,17495.99,0,918.19,727.67,190.52,2374.19,2376.18,1456,1457.99
899,17496,17519.99,0,917.19,727.67,189.52,2375.19,2377.18,1458,1459.99
900,17520,17543.99,0,916.19,727.67,188.52,2376.19,2378.18,1460,1461.99
901,17544,17567.99,0,915.19,727.67,187.52,2377.19,2379.18,1462,1463.99
902,17568,17591.99,0,914.19,727.67,186.52,2378.19,2380.18,1464,1465.99
903,17592,17615.99,0,913.19,727.67,185.52,2379.19,2381.18,1466,1467.99
904,17616,17639.99,0,912.19,727.67,184.52,2380.19,2382.18,1468,1469.99
905,17640,17663.99,0,911.19,727.67,183.52,2381.19,2383.18,1470,1471.99
906,17664,17687.99,0,910.19,727.67,182.52,2382.19,2384.18,1472,1473.99
907,17688,17711.99,0,909.19,727.67,181.52,2383.19,2385.18,1474,1475.99
908,17712,17735.99,0,908.19,727.67,180.52,2384.19,2386.18,1476,1477.99
909,17736,17759.99,0,907.19,727.67,179.52,2385.19,2387.18,1478,1479.99
910,17760,17783.99,0,906.19,727.67,178.52,2386.19,2388.18,1480,1481.99
911,17784,17807.99,0,905.19,727.67,177.52,2387.19,2389.18,1482,1483.99
912,17808,17831.99,0,904.19,727.67,176.52,2388.19,2390.18,1484,1485.99
913,17832,17855.99,0,903.19,727.67,175.52,2389.19,2391.18,1486,1487.99
914,17856,17879.99,0,902.19,727.67,174.52,2390.19,2392.18,1488,1489.99
915,17880,17903.99,0,901.19,727.67,173.52,2391.19,2393.18,1490,1491.99
916,17904,17927.99,0,900.19,727.67,172.52,2392.19,2394.18,1492,1493.99
917,17928,17951.99,0,899.19,727.67,171.52,2393.19,2395.18,1494,1495.99
918,17952,17975.99,0,898.19,727.67,170.52,2394.19,2396.18,1496,1497.99
919,17976,17999.99,0,897.19,727.67,169.52,2395.19,2397.18,1498,1499.99
920,18000,18023.99,0,896.19,727.67,168.52,2396.19,2398.18,1500,1501.99
921,18024,18047.99,0,895.19,727.67,167.52,2397.19,2399.18,1502,1503.99
922,18048,18071.99,0,894.19,727.67,166.52,2398.19,2400.18,1504,1505.99
923,18072,18095.99,0,893.19,727.67,165.52,2399.19,2401.18,1506,1507.99
924,18096,18119.99,0,892.19,727.67,164.52,2400.19,2402.18,1508,1509.99
925,18120,18143.99,0,891.19,727.67,163.52,2401.19,2403.18,1510,1511.99
926,18144,18167.99,0,890.19,727.67,162.52,2402.19,2404.18,1512,1513.99
927,18168,18191.99,0,889.19,727.67,161.52,2403.19,2405.18,1514,1515.99
928,18192,18215.99,0,888.19,727.67,160.52,2404.19,2406.18,1516,1517.99
929,18216,18239.99,0,887.19,727.67,159.52,2405.19,2407.18,1518,1519.99
930,18240,18263.99,0,886.19,727.67,158.52,2406.19,2408.18,1520,1521.99
931,18264,18287.99,0,885.19,727.67,157.52,2407.19,2409.18,1522,1523.99
932,18288,18311.99,0,884.19,727.67,156.52,2408.19,2410.18,1524,1525.99
933,18312,18335.99,0,883.19,727.67,155.52,2409.19,2411.18,1526,1527.99
934,18336,18359.99,0,882.19,727.67,154.52,2410.19,2412.18,1528,1529.99
935,18360,18383.99,0,881.19,727.67,153.52,2411.19,2413.18,1530,1531.99
936,18384,18407.99,0,880.19,727.67,152.52,2412.19,2414.18,1532,1533.99
937,18408,18431.99,0,879.19,727.67,151.52,2413.19,2415.18,1534,1535.99
938,18432,18455.99,0,878.19,727.67,150.52,2414.19,2416.18,1536,1537.99
939,18456,18479.99,0,877.19,727.67,149.52,2415.19,2417.18,1538,1539.99
940,18480,18503.99,0,876.19,727.67,148.52,2416.19,2418.18,1540,1541.99
941,18504,18527.99,0,875.19,727.67,147.52,2417.19,2419.18,1542,1543.99
942,18528,18551.99,0,874.19,727.67,146.52,2418.19,2420.18,1544,1545.99
943,18552,18575.99,0,873.19,727.67,145.52,2419.19,2421.18,1546,1547.99
944,18576,18599.99,0,872.19,727.67,144.52,2420.19,2422.18,1548,1549.99
945,18600,18623.99,0,871.19,727.67,143.52,2421.19,2423.18,1550,1551.99
946,18624,18647.99,0,870.19,727.67,142.52,2422.19,2424.18,1552,1553.99
947,18648,18671.99,0,869.19,727.67,141.52,2423.19,2425.18,1554,1555.99
948,18672,18695.99,0,868.19,727.67,140.52,2424.19,2426.18,1556,1557.99
949,18696,18719.99,0,867.19,727.67,139.52,2425.19,2427.18,1558,1559.99
950,18720,18743.99,0,866.19,727.67,138.52,2426.19,2428.18,1560,1561.99
951,18744,18767.99,0,865.19,727.67,137.52,2427.19,2429.18,1562,1563.99
952,18768,18791.99,0,864.19,727.67,136.52,2428.19,2430.18,1564,1565.99
953,18792,18815.99,0,863.19,727.67,135.52,2429.19,2431.18,1566,1567.99
954,18816,18839.99,0,862.19,727.67,134.52,2430.19,2432.18,1568,1569.99
955,18840,18863.99,0,861.19,727.67,133.52,2431.19,2433.18,1570,1571.99
956,18864,18887.99,0,860.19,727.67,132.52,2432.19,2434.18,1572,1573.99
957,18888,18911.99,0,859.19,727.67,131.52,2433.19,2435.18,1574,1575.99
958,18912,18935.99,0,858.19,727.67,130.52,2434.19,2436.18,1576,1577.99
959,18936,18959.99,0,857.19,727.67,129.52,2435.19,2437.18,1578,1579.99
960,18960,18983.99,0,856.19,727.67,128.52,2436.19,2438.18,1580,1581.99
961,18984,19007.99,0,855.19,727.67,127.52,2437.19,2439.18,1582,1583.99
962,19008,19031.99,0,854.19,727.67,126.52,2438.19,2440.18,1584,1585.99
963,19032,19055.99,0,853.19,727.67,125.52,2439.19,2441.18,1586,1587.99
964,19056,19079.99,0,852.19,727.67,124.52,2440.19,2442.18,1588,1589.99
965,19080,19103.99,0,851.19,727.67,123.52,2441.19,2443.18,1590,1591.99
966,19104,19127.99,0,850.19,727.67,122.52,2442.19,2444.18,1592,1593.99
967,19128,19151.99,0,849.19,727.67,121.52,2443.19,2445.18,1594,1595.99
968,19152,19175.99,0,848.19,727.67,120.52,2444.19,2446.18,1596,1597.99
969,19176,19199.99,0,847.19,727.67,119.52,2445.19,2447.18,1598,1599.99
970,19200,19223.99,0,846.19,727.67,118.52,2446.19,2448.18,1600,1601.99
971,19224,19247.99,0,845.19,727.67,117.52,2447.19,2449.18,1602,1603.99
972,19248,19271.99,0,844.19,727.67,116.52,2448.19,2450.18,1604,1605.99
973,19272,19295.99,0,843.19,727.67,115.52,2449.19,2451.18,1606,1607.99
974,19296,19319.99,0,842.19,727.67,114.52,2450.19,2452.18,1608,1609.99
975,19320,19343.99,0,841.19,727.67,113.52,2451.19,2453.18,1610,1611.99
976,19344,19367.99,0,840.19,727.67,112.52,2452.19,2454.18,1612,1613.99
977,19368,19391.99,0,839.19,727.67,111.52,2453.19,2455.18,1614,1615.99
978,19392,19415.99,0,838.19,727.67,110.52,2454.19,2456.18,1616,1617.99
979,19416,19439.99,0,837.19,727.67,109.52,2455.19,2457.18,1618,1619.99
980,19440,19463.99,0,836.19,727.67,108.52,2456.19,2458.18,1620,1621.99
981,19464,19487.99,0,835.19,727.67,107.52,2457.19,2459.18,1622,1623.99
982,19488,19511.99,0,834.19,727.67,106.52,2458.19,2460.18,1624,1625.99
983,19512,19535.99,0,833.19,727.67,105.52,2459.19,2461.18,1626,1627.99
984,19536,19559.99,0,832.19,727.67,104.52,2460.19,2462.18,1628,1629.99
985,19560,19583.99,0,831.19,727.67,103.52,2461.19,2463.18,1630,1631.99
986,19584,19607.99,0,830.19,727.67,102.52,2462.19,2464.18,1632,1633.99
987,19608,19631.99,0,829.19,727.67,101.52,2463.19,2465.18,1634,1635.99
988,19632,19655.99,0,828.19,727.67,100.52,2464.19,2466.18,1636,1637.99
989,19656,19679.99,0,827.19,727.67,99.52,2465.19,2467.18,1638,1639.99
990,19680,19703.99,0,826.19,727.67,98.52,2466.19,2468.18,1640,1641.99
991,19704,19727.99,0,825.19,727.67,97.52,2467.19,2469.18,1642,1643.99
992,19728,19751.99,0,824.19,727.67,96.52,2468.19,2470.18,1644,1645.99
993,19752,19775.99,0,823.19,727.67,95.52,2469.19,2471.18,1646,1647.99
994,19776,19799.99,0,822.19,727.67,94.52,2470.19,2472.18,1648,1649.99
995,19800,19823.99,0,821.19,727.67,93.52,2471.19,2473.18,1650,1651.99
996,19824,19847.99,0,820.19,727.67,92.52,2472.19,2474.18,1652,1653.99
997,19848,19871.99,0,819.19,727.67,91.52,2473.19,2475.18,1654,1655.99
998,19872,19895.99,0,818.19,727.67,90.52,2474.19,2476.18,1656,1657.99
999,19896,19919.99,0,817.19,727.67,89.52,2475.19,2477.18,1658,1659.99
1000,19920,19943.99,0,816.19,727.67,88.52,2476.19,2478.18,1660,1661.99
1001,19944,19967.99,0,815.19,727.67,87.52,2477.19,2479.18,1662,1663.99
1002,19968,19991.99,0,814.19,727.67,86.52,2478.19,2480.18,1664,1665.99
1003,19992,20015.99,0,813.19,727.67,85.52,2479.19,2481.18,1666,1667.99
1004,20016,20039.99,0,812.19,727.67,84.52,2480.19,2482.18,1668,1669.99
1005,20040,20063.99,0,811.19,727.67,83.52,2481.19,2483.18,1670,1671.99
1006,20064,20087.99,0,810.19,727.67,82.52,2482.19,2484.18,1672,1673.99
1007,20088,20111.99,0,809.19,727.67,81.52,2483.19,2485.18,1674,1675.99
1008,20112,20135.99,0,808.19,727.67,80.52,2484.19,2486.18,1676,1677.99
1009,20136,20159.99,0,807.19,727.67,79.52,2485.19,2487.18,1678,1679.99
1010,20160,20183.99,0,806.19,727.67,78.52,2486.19,2488.18,1680,1681.99
1011,20184,20207.99,0,805.19,727.67,77.52,2487.19,2489.18,1682,1683.99
1012,20208,20231.99,0,804.19,727.67,76.52,2488.19,2490.18,1684,1685.99
1013,20232,20255.99,0,803.19,727.67,75.52,2489.19,2491.18,1686,1687.99
1014,20256,20279.99,0,802.19,727.67,74.52,2490.19,2492.18,1688,1689.99
1015,20280,20303.99,0,801.19,727.67,73.52,2491.19,2493.18,1690,1691.99
1016,20304,20327.99,0,800.19,727.67,72.52,2492.19,2494.18,1692,1693.99
1017,20328,20351.99,0,799.19,727.67,71.52,2493.19,2495.18,1694,1695.99
1018,20352,20375.99,0,798.19,727.67,70.52,2494.19,2496.18,1696,1697.99
1019,20376,20399.99,0,797.19,727.67,69.52,2495.19,2497.18,1698,1699.99
1020,20400,20423.99,0,796.19,727.67,68.52,2496.19,2498.18,1700,1701.99
1021,20424,20447.99,0,795.19,727.67,67.52,2497.19,2499.18,1702,1703.99
1022,20448,20471.99,0,794.19,727.67,66.52,2498.19,2500.18,1704,1705.99
1023,20472,20495.99,0,793.19,727.67,65.52,2499.19,2501.18,1706,1707.99
1024,20496,20519.99,0,792.19,727.67,64.52,2500.19,2502.18,1708,1709.99
1025,20520,20543.99,0,791.19,727.67,63.52,2501.19,2503.18,1710,1711.99
1026,20544,20567.99,0,790.19,727.67,62.52,2502.19,2504.18,1712,1713.99
1027,20568,20591.99,0,789.19,727.67,61.52,2503.19,2505.18,1714,1715.99
1028,20592,20615.99,0,788.19,727.67,60.52,2504.19,2506.18,1716,1717.99
1029,20616,20639.99,0,787.19,727.67,59.52,2505.19,2507.18,1718,1719.99
1030,20640,20663.99,0,786.19,727.67,58.52,2506.19,2508.18,1720,1721.99
1031,20664,20687.99,0,785.19,727.67,57.52,2507.19,2509.18,1722,1723.99
1032,20688,20711.99,0,784.19,727.67,56.52,2508.19,2510.18,1724,1725.99
1033,20712,20735.99,0,783.19,727.67,55.52,2509.19,2511.18,1726,1727.99
1034,20736,20759.99,0,782.19,727.67,54.52,2510.19,2512.18,1728,1729.99
1035,20760,20783.99,0,781.19,727.67,53.52,2511.19,2513.18,1730,1731.99
1036,20784,20807.99,0,780.19,727.67,52.52,2512.19,2514.18,1732,1733.99
1037,20808,20831.99,0,779.19,727.67,51.52,2513.19,2515.18,1734,1735.99
1038,20832,20855.99,0,778.19,727.67,50.52,2514.19,2516.18,1736,1737.99
1039,20856,20879.99,0,777.19,727.67,49.52,2515.19,2517.18,1738,1739.99
1040,20880,20903.99,0,776.19,727.67,48.52,2516.19,2518.18,1740,1741.99
1041,20904,20927.99,0,775.19,727.67,47.52,2517.19,2519.18,1742,1743.99
1042,20928,20951.99,0,774.19,727.67,46.52,2518.19,2520.18,1744,1745.99
1043,20952,20975.99,0,773.19,727.67,45.52,2519.19,2521.18,1746,1747.99
1044,20976,20999.99,0,772.19,727.67,44.52,2520.19,2522.18,1748,1749.99
1045,21000,21023.99,0,771.19,727.67,43.52,2521.19,2523.18,1750,1751.99
1046,21024,21047.99,0,770.19,727.67,42.52,2522.19,2524.18,1752,1753.99
1047,21048,21071.99,0,769.19,727.67,41.52,2523.19,2525.18,1754,1755.99
1048,21072,21095.99,0,768.19,727.67,40.52,2524.19,2526.18,1756,1757.99
1049,21096,21119.99,0,767.19,727.67,39.52,2525.19,2527.18,1758,1759.99
1050,21120,21143.99,0,766.19,727.67,38.52,2526.19,2528.18,1760,1761.99
1051,21144,21167.99,0,765.19,727.67,37.52,2527.19,2529.18,1762,1763.99
1052,21168,21191.99,0,764.19,727.67,36.52,2528.19,2530.18,1764,1765.99
1053,21192,21215.99,0,763.19,727.67,35.52,2529.19,2531.18,1766,1767.99
1054,21216,21239.99,0,762.19,727.67,34.52,2530.19,2532.18,1768,1769.99
1055,21240,21263.99,0,761.19,727.67,33.52,2531.19,2533.18,1770,1771.99
1056,21264,21287.99,0,760.19,727.67,32.52,2532.19,2534.18,1772,1773.99
1057,21288,21311.99,0,759.19,727.67,31.52,2533.19,2535.18,1774,1775.99
1058,21312,21335.99,0,758.19,727.67,30.52,2534.19,2536.18,1776,1777.99
1059,21336,21359.99,0,757.19,727.67,29.52,2535.19,2537.18,1778,1779.99
1060,21360,21383.99,0,756.19,727.67,28.52,2536.19,2538.18,1780,1781.99
1061,21384,21407.99,0,755.19,727.67,27.52,2537.19,2539.18,1782,1783.99
1062,21408,21431.99,0,754.19,727.67,26.52,2538.19,2540.18,1784,1785.99
1063,21432,21455.99,0,753.19,727.67,25.52,2539.19,2541.18,1786,1787.99
1064,21456,21479.99,0,752.19,727.67,24.52,2540.19,2542.18,1788,1789.99
1065,21480,21503.99,0,751.19,727.67,23.52,2541.19,2543.18,1790,1791.99
1066,21504,21527.99,0,750.19,727.67,22.52,2542.19,2544.18,1792,1793.99
1067,21528,21551.99,0,749.19,727.67,21.52,2543.19,2545.18,1794,1795.99
1068,21552,21575.99,0,748.19,727.67,20.52,2544.19,2546.18,1796,1797.99
1069,21576,21599.99,0,747.19,727.67,19.52,2545.19,2547.18,1798,1799.99
1070,21600,21623.99,0,746.19,727.67,18.52,2546.19,2548.18,1800,1801.99
1071,21624,21647.99,0,745.19,727.67,17.52,2547.19,2549.18,1802,1803.99
1072,21648,21671.99,0,744.19,727.67,16.52,2548.19,2550.18,1804,1805.99
1073,21672,21695.99,0,743.19,727.67,15.52,2549.19,2551.18,1806,1807.99
1074,21696,21719.99,0,742.19,727.67,14.52,2550.19,2552.18,1808,1809.99
1075,21720,21743.99,0,741.19,727.67,13.52,2551.19,2553.18,1810,1811.99
1076,21744,21767.99,0,740.19,727.67,12.52,2552.19,2554.18,1812,1813.99
1077,21768,21791.99,0,739.19,727.67,11.52,2553.19,2555.18,1814,1815.99
1078,21792,21815.99,0,738.19,727.67,10.52,2554.19,2556.18,1816,1817.99
1079,21816,21839.99,0,737.19,727.67,9.52,2555.19,2557.18,1818,1819.99
1080,21840,21863.99,0,736.19,727.67,8.52,2556.19,2558.18,1820,1821.99
1081,21864,21887.99,0,735.19,727.67,7.52,2557.19,2559.18,1822,1823.99
1082,21888,21911.99,0,734.19,727.67,6.52,2558.19,2560.18,1824,1825.99
1083,21912,21935.99,0,733.19,727.67,5.52,2559.19,2561.18,1826,1827.99
1084,21936,21959.99,0,732.19,727.67,4.52,2560.19,2562.18,1828,1829.99
1085,21960,21983.99,0,731.19,727.67,3.52,2561.19,2563.18,1830,1831.99
1086,21984,22007.99,0,730.19,727.67,2.52,2562.19,2564.18,1832,1833.99
1087,22008,22031.99,0,729.19,727.67,1.52,2563.19,2565.18,1834,1835.99
1088,22032,22055.99,0,728.19,727.67,0.52,2564.19,2566.18,1836,1837.99
